name,part,cut,caff,blunt,baff,pierce,paff,fire,fexp,water,wexp,ice,iexp,thunder,texp,dragon,dexp,stun
Aknosom,Head 0,63,50,80,50,50,50,0,1,15,1,5,1,10,1,0,1,100
Aknosom,Crest 0,63,50,50,50,40,0,0,1,0,1,0,1,20,1.1,0,1,100
Aknosom,Neck 0,43,0,43,0,20,0,0,1,15,1,5,1,15,1,0,1,0
Aknosom,Wing 0,63,50,50,50,40,0,0,1,20,1.1,15,1,20,1.1,0,1,0
Aknosom,Torso 0,38,0,38,0,20,0,0,1,15,1,5,1,10,1,0,1,0
Aknosom,Tail 0,43,0,43,0,25,0,0,1,20,1.1,10,1,15,1,0,1,0
Aknosom,Leg 0,36,0,36,0,10,0,0,1,35,1.1,25,1.1,30,1.1,0,1,0
Aknosom,Tail Tip 0,36,0,36,0,30,0,0,1,30,1.1,5,1,20,1.1,0,1,0
Almudron,Head 0,55,50,64,50,55,50,20,1.1,0,1,20,1.1,10,1,5,1,100
Almudron,Back 0,25,0,30,0,20,0,15,1,0,1,10,1,5,1,5,1,0
Almudron,Abdomen 0,40,0,55,50,35,0,20,1.1,0,1,15,1,5,1,5,1,0
Almudron,Foreleg 0,23,0,24,0,20,0,30,1.1,0,1,25,1.1,5,1,5,1,0
Almudron,Foreleg 1,24,0,25,0,21,0,30,1.1,0,1,25,1.1,5,1,5,1,0
Almudron,Hind Leg 0,25,0,25,0,20,0,10,1,0,1,10,1,5,1,5,1,0
Almudron,Tail Base 0,55,50,30,0,35,0,25,1.1,0,1,20,1.1,10,1,5,1,0
Almudron,Tail Tip 0,65,50,55,50,40,0,25,1.1,0,1,20,1.1,15,1,15,1,0
Almudron,Large Mudbulb 0,100,50,100,50,100,50,0,1,0,1,0,1,0,1,0,1,0
Amatsu,Head 0,55,50,65,50,45,0,20,1.1,0,1,15,1,10,1,25,1.1,100
Amatsu,Head 1,65,50,75,50,45,0,20,1.1,0,1,15,1,10,1,25,1.1,100
Amatsu,Foreleg 0,45,0,45,0,15,0,20,1.1,0,1,10,1,5,1,15,1,0
Amatsu,Foreleg 1,45,0,45,0,15,0,20,1.1,0,1,10,1,5,1,15,1,0
Amatsu,Abdomen 0,40,0,40,0,5,0,0,1,0,1,0,1,0,1,5,1,0
Amatsu,Abdomen 1,40,0,40,0,5,0,0,1,0,1,0,1,0,1,5,1,0
Amatsu,Tail 0,40,0,30,0,35,0,15,1,0,1,5,1,0,1,10,1,0
Amatsu,Tail 1,40,0,30,0,35,0,15,1,0,1,5,1,0,1,10,1,0
Amatsu,Back 0,30,0,25,0,10,0,5,1,0,1,0,1,0,1,5,1,0
Amatsu,Back 1,30,0,25,0,10,0,5,1,0,1,0,1,0,1,5,1,0
Amatsu,Neck 0,35,0,30,0,5,0,0,1,0,1,0,1,0,1,5,1,0
Amatsu,Neck 1,35,0,30,0,5,0,0,1,0,1,0,1,0,1,5,1,0
Amatsu,Hind Leg 0,25,0,30,0,25,0,25,1.1,0,1,5,1,0,1,20,1.1,0
Amatsu,Hind Leg 1,25,0,30,0,25,0,25,1.1,0,1,5,1,0,1,20,1.1,0
Anjanath,Snout 0,80,50,75,50,65,50,0,1,20,1.1,15,1,10,1,10,1,100
Anjanath,Head 0,70,50,70,50,60,50,0,1,25,1.1,15,1,10,1,5,1,100
Anjanath,Neck 0,30,0,30,0,15,0,0,1,20,1.1,15,1,5,1,5,1,0
Anjanath,Wing 0,50,50,45,0,55,50,0,1,25,1.1,20,1.1,15,1,10,1,0
Anjanath,Hind Leg 0,30,0,30,0,15,0,0,1,15,1,10,1,5,1,0,1,0
Anjanath,Hind Leg 1,45,0,45,0,30,0,0,1,15,1,10,1,5,1,0,1,0
Anjanath,Torso 0,30,0,30,0,45,0,0,1,15,1,10,1,5,1,0,1,0
Anjanath,Tail 0,60,50,60,50,55,50,0,1,20,1.1,15,1,10,1,5,1,0
Apex Arzuros,Head 0,50,50,45,0,35,0,5,1,0,1,5,1,5,1,0,1,100
Apex Arzuros,Upper Half 0,38,0,38,0,35,0,15,1,0,1,5,1,10,1,0,1,0
Apex Arzuros,Foreleg 0,45,0,45,0,30,0,20,1.1,0,1,10,1,15,1,0,1,0
Apex Arzuros,Foreleg 1,50,50,50,50,35,0,25,1.1,0,1,10,1,20,1.1,0,1,0
Apex Arzuros,Foreleg 2,60,50,60,50,40,0,33,1.1,0,1,15,1,23,1.1,0,1,0
Apex Arzuros,Foreleg 3,70,50,70,50,45,0,40,1.1,0,1,15,1,30,1.1,0,1,0
Apex Arzuros,Rear 0,30,0,40,0,30,0,12,1,0,1,20,1.1,5,1,0,1,0
Apex Arzuros,Hind Leg 0,38,0,24,0,26,0,5,1,0,1,16,1,5,1,0,1,0
Apex Arzuros,Abdomen 0,38,0,24,0,26,0,5,1,0,1,16,1,5,1,0,1,0
Apex Diablos,Horn 0,35,0,45,0,10,0,0,1,15,1,25,1.1,10,1,15,1,100
Apex Diablos,Horn 1,57,50,57,50,15,0,0,1,15,1,25,1.1,10,1,15,1,100
Apex Diablos,Head 0,45,0,45,0,45,0,0,1,15,1,25,1.1,10,1,15,1,100
Apex Diablos,Head 1,63,50,63,50,47,50,0,1,15,1,25,1.1,10,1,15,1,100
Apex Diablos,Neck 0,40,0,45,0,20,0,0,1,8,1,10,1,5,1,5,1,0
Apex Diablos,Neck 1,50,50,50,50,25,0,0,1,8,1,10,1,5,1,5,1,0
Apex Diablos,Abdomen 0,38,0,38,0,15,0,0,1,10,1,10,1,5,1,10,1,0
Apex Diablos,Abdomen 1,38,0,38,0,15,0,0,1,10,1,10,1,5,1,10,1,0
Apex Diablos,Back 0,25,0,25,0,10,0,0,1,5,1,10,1,5,1,5,1,0
Apex Diablos,Back 1,25,0,25,0,10,0,0,1,5,1,10,1,5,1,5,1,0
Apex Diablos,Wing 0,30,0,30,0,20,0,0,1,5,1,10,1,5,1,5,1,0
Apex Diablos,Wing 1,30,0,30,0,20,0,0,1,5,1,10,1,5,1,5,1,0
Apex Diablos,Leg 0,28,0,28,0,25,0,0,1,10,1,15,1,5,1,10,1,0
Apex Diablos,Leg 1,28,0,28,0,25,0,0,1,10,1,15,1,5,1,10,1,0
Apex Diablos,Tail 0,50,50,24,0,20,0,0,1,10,1,15,1,10,1,10,1,0
Apex Diablos,Tail 1,50,50,24,0,20,0,0,1,10,1,15,1,10,1,10,1,0
Apex Diablos,Tail Tip 0,45,0,24,0,10,0,0,1,25,1.1,30,1.1,10,1,20,1.1,0
Apex Diablos,Tail Tip 1,45,0,24,0,10,0,0,1,25,1.1,30,1.1,10,1,20,1.1,0
Apex Mizutsune,Head 0,60,50,60,50,25,0,5,1,0,1,5,1,10,1,8,1,100
Apex Mizutsune,Head 1,65,50,65,50,35,0,10,1,0,1,5,1,15,1,10,1,100
Apex Mizutsune,Head 2,63,50,63,50,25,0,5,1,0,1,5,1,10,1,8,1,100
Apex Mizutsune,Head 3,73,50,73,50,25,0,5,1,0,1,5,1,15,1,8,1,100
Apex Mizutsune,Head 4,73,50,73,50,25,0,5,1,0,1,5,1,20,1.1,10,1,100
Apex Mizutsune,Neck 0,43,0,43,0,15,0,8,1,0,1,5,1,10,1,8,1,0
Apex Mizutsune,Neck 1,50,50,50,50,20,0,8,1,0,1,5,1,10,1,8,1,0
Apex Mizutsune,Neck 2,43,0,43,0,15,0,8,1,0,1,5,1,10,1,8,1,0
Apex Mizutsune,Neck 3,53,50,53,50,15,0,5,1,0,1,5,1,15,1,8,1,0
Apex Mizutsune,Neck 4,53,50,53,50,15,0,5,1,0,1,5,1,15,1,8,1,0
Apex Mizutsune,Left Claw 0,24,0,24,0,10,0,5,1,0,1,15,1,30,1.1,30,1.1,0
Apex Mizutsune,Left Claw 1,24,0,24,0,10,0,5,1,0,1,15,1,30,1.1,30,1.1,0
Apex Mizutsune,Left Claw 2,28,0,28,0,10,0,5,1,0,1,15,1,30,1.1,30,1.1,0
Apex Mizutsune,Left Claw 3,29,0,29,0,15,0,5,1,0,1,15,1,30,1.1,30,1.1,0
Apex Mizutsune,Left Claw 4,29,0,29,0,15,0,5,1,0,1,15,1,30,1.1,30,1.1,0
Apex Mizutsune,Foreleg 0,28,0,28,0,10,0,5,1,0,1,15,1,25,1.1,30,1.1,0
Apex Mizutsune,Foreleg 1,35,0,35,0,10,0,5,1,0,1,15,1,25,1.1,30,1.1,0
Apex Mizutsune,Foreleg 2,28,0,28,0,10,0,5,1,0,1,15,1,25,1.1,30,1.1,0
Apex Mizutsune,Foreleg 3,33,0,33,0,15,0,5,1,0,1,15,1,25,1.1,30,1.1,0
Apex Mizutsune,Foreleg 4,33,0,33,0,15,0,5,1,0,1,15,1,25,1.1,30,1.1,0
Apex Mizutsune,Hind Leg 0,38,0,38,0,20,0,5,1,0,1,5,1,10,1,5,1,0
Apex Mizutsune,Hind Leg 1,43,0,43,0,20,0,10,1,0,1,5,1,15,1,5,1,0
Apex Mizutsune,Hind Leg 2,38,0,38,0,20,0,5,1,0,1,5,1,10,1,5,1,0
Apex Mizutsune,Hind Leg 3,43,0,43,0,20,0,5,1,0,1,5,1,15,1,5,1,0
Apex Mizutsune,Hind Leg 4,43,0,43,0,20,0,5,1,0,1,5,1,20,1.1,5,1,0
Apex Mizutsune,Body 0,25,0,25,0,15,0,5,1,0,1,5,1,10,1,5,1,0
Apex Mizutsune,Body 1,25,0,25,0,20,0,5,1,0,1,5,1,15,1,5,1,0
Apex Mizutsune,Body 2,25,0,25,0,15,0,5,1,0,1,5,1,10,1,5,1,0
Apex Mizutsune,Body 3,30,0,30,0,15,0,5,1,0,1,5,1,15,1,5,1,0
Apex Mizutsune,Body 4,30,0,30,0,15,0,5,1,0,1,5,1,20,1.1,5,1,0
Apex Mizutsune,Tail 0,43,0,33,0,10,0,5,1,0,1,5,1,10,1,5,1,0
Apex Mizutsune,Tail 1,73,50,73,50,45,0,5,1,0,1,5,1,15,1,5,1,0
Apex Mizutsune,Tail 2,43,0,33,0,10,0,5,1,0,1,5,1,10,1,5,1,0
Apex Mizutsune,Tail 3,53,50,43,0,10,0,5,1,0,1,5,1,10,1,5,1,0
Apex Mizutsune,Tail 4,53,50,43,0,10,0,5,1,0,1,5,1,15,1,5,1,0
Apex Mizutsune,Dorsal Fin 0,43,0,43,0,45,0,8,1,0,1,5,1,15,1,10,1,0
Apex Mizutsune,Dorsal Fin 1,63,50,63,50,45,0,10,1,0,1,5,1,20,1.1,15,1,0
Apex Mizutsune,Dorsal Fin 2,43,0,43,0,45,0,8,1,0,1,5,1,15,1,10,1,0
Apex Mizutsune,Dorsal Fin 3,48,50,48,50,50,50,5,1,0,1,5,1,20,1.1,10,1,0
Apex Mizutsune,Dorsal Fin 4,48,50,48,50,50,50,5,1,0,1,5,1,25,1.1,15,1,0
Apex Mizutsune,Right Claw 0,24,0,24,0,10,0,5,1,0,1,15,1,30,1.1,30,1.1,0
Apex Mizutsune,Right Claw 1,24,0,24,0,10,0,5,1,0,1,15,1,30,1.1,30,1.1,0
Apex Mizutsune,Right Claw 2,28,0,28,0,10,0,5,1,0,1,15,1,30,1.1,30,1.1,0
Apex Mizutsune,Right Claw 3,29,0,29,0,15,0,5,1,0,1,15,1,30,1.1,30,1.1,0
Apex Mizutsune,Right Claw 4,29,0,29,0,15,0,5,1,0,1,15,1,30,1.1,30,1.1,0
Apex Rathalos,Head 0,55,50,55,50,30,0,0,1,5,1,5,1,10,1,20,1.1,100
Apex Rathalos,Head 1,80,50,80,50,45,0,0,1,10,1,10,1,10,1,20,1.1,100
Apex Rathalos,Neck 0,38,0,38,0,20,0,5,1,10,1,10,1,15,1,15,1,0
Apex Rathalos,Neck 1,75,50,75,50,47,50,5,1,10,1,10,1,15,1,15,1,0
Apex Rathalos,Back 0,21,0,21,0,45,0,0,1,5,1,5,1,8,1,10,1,0
Apex Rathalos,Back 1,21,0,21,0,45,0,0,1,5,1,5,1,8,1,10,1,0
Apex Rathalos,Abdomen 0,24,0,24,0,10,0,0,1,5,1,5,1,8,1,10,1,0
Apex Rathalos,Abdomen 1,24,0,24,0,10,0,0,1,5,1,5,1,8,1,10,1,0
Apex Rathalos,Tail 0,45,0,35,0,20,0,5,1,5,1,5,1,10,1,15,1,0
Apex Rathalos,Tail 1,45,0,35,0,20,0,5,1,5,1,5,1,10,1,15,1,0
Apex Rathalos,Wing 0,30,0,45,0,10,0,0,1,10,1,10,1,20,1.1,25,1.1,0
Apex Rathalos,Wing 1,30,0,45,0,10,0,0,1,10,1,10,1,20,1.1,25,1.1,0
Apex Rathalos,Leg 0,30,0,30,0,20,0,0,1,5,1,5,1,10,1,15,1,0
Apex Rathalos,Leg 1,30,0,30,0,20,0,0,1,5,1,5,1,10,1,15,1,0
Apex Rathian,Head 0,60,50,65,50,50,50,0,1,10,1,10,1,10,1,20,1.1,100
Apex Rathian,Head 1,65,50,70,50,55,50,0,1,10,1,10,1,10,1,25,1.1,100
Apex Rathian,Neck 0,40,0,40,0,30,0,5,1,10,1,10,1,10,1,20,1.1,0
Apex Rathian,Torso 0,24,0,24,0,20,0,0,1,5,1,5,1,15,1,15,1,0
Apex Rathian,Back 0,20,0,20,0,15,0,5,1,10,1,10,1,20,1.1,25,1.1,0
Apex Rathian,Back 1,38,0,38,0,45,0,5,1,10,1,10,1,20,1.1,25,1.1,0
Apex Rathian,Wing 0,35,0,35,0,30,0,0,1,10,1,10,1,20,1.1,25,1.1,0
Apex Rathian,Leg 0,24,0,24,0,20,0,0,1,5,1,5,1,10,1,15,1,0
Apex Rathian,Tail 0,40,0,35,0,30,0,5,1,5,1,5,1,10,1,15,1,0
Apex Rathian,Tail 1,45,0,40,0,35,0,5,1,5,1,5,1,10,1,20,1.1,0
Apex Rathian,Tail 2,50,50,45,0,45,0,0,1,5,1,5,1,10,1,20,1.1,0
Apex Zinogre,Head 0,65,50,65,50,45,0,10,1,10,1,15,1,0,1,5,1,100
Apex Zinogre,Head 1,65,50,65,50,45,0,10,1,10,1,15,1,0,1,10,1,120
Apex Zinogre,Head 2,65,50,65,50,50,50,10,1,10,1,15,1,0,1,10,1,120
Apex Zinogre,Body 0,25,0,25,0,25,0,5,1,5,1,5,1,0,1,5,1,0
Apex Zinogre,Body 1,30,0,30,0,25,0,5,1,10,1,10,1,0,1,5,1,0
Apex Zinogre,Body 2,30,0,30,0,25,0,5,1,10,1,10,1,0,1,5,1,0
Apex Zinogre,Neck/Back 0,45,0,40,0,35,0,10,1,20,1.1,25,1.1,0,1,5,1,0
Apex Zinogre,Neck/Back 1,70,50,65,50,45,0,15,1,25,1.1,30,1.1,0,1,5,1,0
Apex Zinogre,Neck/Back 2,70,50,65,50,45,0,15,1,25,1.1,30,1.1,0,1,5,1,0
Apex Zinogre,Hip 0,44,0,44,0,20,0,5,1,5,1,10,1,0,1,5,1,0
Apex Zinogre,Hip 1,35,0,35,0,25,0,10,1,10,1,15,1,0,1,5,1,0
Apex Zinogre,Hip 2,40,0,40,0,25,0,10,1,10,1,15,1,0,1,5,1,0
Apex Zinogre,Foreleg 0,25,0,30,0,15,0,5,1,5,1,10,1,0,1,5,1,0
Apex Zinogre,Foreleg 1,50,50,50,50,15,0,5,1,5,1,15,1,0,1,5,1,0
Apex Zinogre,Foreleg 2,70,50,70,50,45,0,5,1,5,1,15,1,0,1,5,1,0
Apex Zinogre,Hind Leg 0,45,0,45,0,15,0,5,1,5,1,10,1,0,1,5,1,0
Apex Zinogre,Hind Leg 1,35,0,35,0,20,0,10,1,10,1,15,1,0,1,5,1,0
Apex Zinogre,Hind Leg 2,40,0,40,0,20,0,10,1,10,1,15,1,0,1,5,1,0
Apex Zinogre,Tail 0,30,0,25,0,20,0,5,1,5,1,5,1,0,1,5,1,0
Apex Zinogre,Tail 1,30,0,25,0,20,0,5,1,5,1,5,1,0,1,5,1,0
Apex Zinogre,Tail 2,30,0,25,0,20,0,5,1,5,1,5,1,0,1,5,1,0
Apex Zinogre,Tail Tip 0,21,0,19,0,10,0,10,1,15,1,20,1.1,0,1,5,1,0
Apex Zinogre,Tail Tip 1,21,0,19,0,10,0,10,1,15,1,20,1.1,0,1,5,1,0
Apex Zinogre,Tail Tip 2,21,0,19,0,10,0,10,1,15,1,20,1.1,0,1,5,1,0
Astalos,Crest 0,55,50,55,50,30,0,5,1,5,1,10,1,0,1,5,1,100
Astalos,Crest 1,63,50,63,50,50,50,5,1,15,1,15,1,0,1,5,1,100
Astalos,Crest 2,57,50,57,50,30,0,5,1,5,1,10,1,0,1,5,1,100
Astalos,Abdomen 0,24,0,24,0,15,0,5,1,5,1,10,1,0,1,5,1,0
Astalos,Neck 0,55,50,55,50,30,0,5,1,5,1,5,1,0,1,5,1,0
Astalos,Back 0,25,0,25,0,20,0,5,1,5,1,10,1,0,1,5,1,0
Astalos,Back 1,26,0,26,0,20,0,5,1,10,1,15,1,0,1,5,1,0
Astalos,Wing 0,25,0,25,0,20,0,5,1,5,1,10,1,0,1,5,1,0
Astalos,Wing 1,55,50,55,50,40,0,10,1,12,1,15,1,0,1,5,1,0
Astalos,Wing 2,35,0,35,0,25,0,5,1,10,1,15,1,0,1,5,1,0
Astalos,Leg 0,25,0,25,0,15,0,5,1,5,1,10,1,0,1,5,1,0
Astalos,Tail 0,35,0,35,0,20,0,5,1,10,1,15,1,0,1,5,1,0
Astalos,Tail Tip 0,35,0,35,0,20,0,5,1,10,1,15,1,0,1,5,1,0
Astalos,Tail Tip 1,55,50,55,50,45,0,5,1,15,1,25,1.1,0,1,5,1,0
Astalos,Tail Tip 2,37,0,37,0,22,0,5,1,10,1,15,1,0,1,5,1,0
Aurora Somnacanth,Head 0,55,50,65,50,45,0,15,1,0,1,0,1,10,1,0,1,100
Aurora Somnacanth,Neck 0,70,50,70,50,30,0,10,1,0,1,0,1,5,1,0,1,0
Aurora Somnacanth,Back 0,25,0,25,0,25,0,10,1,0,1,0,1,5,1,0,1,0
Aurora Somnacanth,Abdomen 0,30,0,30,0,15,0,10,1,0,1,0,1,0,1,0,1,0
Aurora Somnacanth,Tail 0,38,0,45,0,35,0,10,1,0,1,0,1,5,1,0,1,0
Aurora Somnacanth,Foreleg 0,35,0,30,0,20,0,20,1.1,0,1,0,1,10,1,0,1,0
Aurora Somnacanth,Leg 0,25,0,30,0,15,0,10,1,0,1,0,1,5,1,0,1,0
Aurora Somnacanth,Head Fin 0,45,0,45,0,45,0,25,1.1,0,1,0,1,15,1,0,1,50
Arzuros,Head 0,55,50,55,50,55,50,20,1.1,5,1,15,1,10,1,0,1,100
Arzuros,Upper Half 0,50,50,50,50,62,50,25,1.1,5,1,15,1,10,1,0,1,0
Arzuros,Foreleg 0,33,0,35,0,28,0,30,1.1,5,1,20,1.1,30,1.1,0,1,0
Arzuros,Foreleg 1,42,0,45,0,36,0,38,1.1,5,1,20,1.1,38,1.1,0,1,0
Arzuros,Rear 0,66,50,66,50,43,0,15,1,5,1,20,1.1,10,1,0,1,0
Arzuros,Abdomen/Hind Leg 0,55,50,55,50,38,0,15,1,5,1,20,1.1,10,1,0,1,0
Barioth,Head 0,65,50,70,50,55,50,20,1.1,10,1,0,1,15,1,15,1,100
Barioth,Neck/Back 0,30,0,30,0,25,0,5,1,5,1,0,1,5,1,5,1,0
Barioth,Abdomen 0,38,0,38,0,25,0,10,1,0,1,0,1,5,1,5,1,0
Barioth,Thorns 0,25,0,35,0,25,0,30,1.1,5,1,0,1,25,1.1,10,1,0
Barioth,Thorns 1,30,0,35,0,30,0,20,1.1,5,1,0,1,15,1,10,1,0
Barioth,Wing 0,30,0,45,0,20,0,10,1,0,1,0,1,5,1,5,1,0
Barioth,Hind Leg 0,40,0,45,0,35,0,15,1,0,1,0,1,10,1,5,1,0
Barioth,Foreleg 0,30,0,30,0,25,0,5,1,5,1,0,1,5,1,5,1,0
Barioth,Tail 0,45,0,23,0,45,0,10,1,0,1,0,1,5,1,5,1,0
Barioth,Tail Tip 0,60,50,40,0,40,0,15,1,0,1,0,1,10,1,5,1,0
Barroth,Head 0,22,0,25,0,15,0,40,1.1,0,1,20,1.1,0,1,10,1,100
Barroth,Head 1,22,0,25,0,15,0,0,1,50,1.1,20,1.1,0,1,0,1,100
Barroth,Head 2,22,0,25,0,15,0,40,1.1,0,1,20,1.1,0,1,10,1,100
Barroth,Head 3,22,0,25,0,15,0,0,1,50,1.1,20,1.1,0,1,0,1,100
Barroth,Torso 0,36,0,45,0,35,0,25,1.1,0,1,10,1,0,1,5,1,0
Barroth,Torso 1,36,0,45,0,35,0,0,1,30,1.1,10,1,0,1,0,1,0
Barroth,Torso 2,36,0,45,0,35,0,25,1.1,0,1,10,1,0,1,5,1,0
Barroth,Torso 3,36,0,45,0,35,0,0,1,30,1.1,10,1,0,1,0,1,0
Barroth,Foreleg 0,50,50,55,50,50,50,20,1.1,0,1,10,1,0,1,5,1,0
Barroth,Foreleg 1,45,0,50,50,45,0,0,1,25,1.1,10,1,0,1,0,1,0
Barroth,Foreleg 2,50,50,55,50,50,50,20,1.1,0,1,10,1,0,1,5,1,0
Barroth,Foreleg 3,45,0,50,50,45,0,0,1,25,1.1,10,1,0,1,0,1,0
Barroth,Leg 0,36,0,30,0,25,0,20,1.1,0,1,15,1,0,1,5,1,0
Barroth,Leg 1,36,0,30,0,25,0,0,1,25,1.1,15,1,0,1,0,1,0
Barroth,Leg 2,36,0,30,0,25,0,20,1.1,0,1,15,1,0,1,5,1,0
Barroth,Leg 3,36,0,30,0,25,0,0,1,25,1.1,15,1,0,1,0,1,0
Barroth,Tail 0,47,50,47,50,50,50,25,1.1,0,1,20,1.1,0,1,10,1,0
Barroth,Tail 1,42,0,42,0,45,0,0,1,30,1.1,20,1.1,0,1,0,1,0
Barroth,Tail 2,47,50,47,50,50,50,25,1.1,0,1,20,1.1,0,1,10,1,0
Barroth,Tail 3,42,0,42,0,45,0,0,1,30,1.1,20,1.1,0,1,0,1,0
Basarios,Head 0,20,0,20,0,20,0,10,1,15,1,10,1,10,1,18,1,100
Basarios,Head 1,48,50,55,50,48,50,15,1,20,1.1,10,1,10,1,23,1.1,100
Basarios,Head 2,38,0,43,0,35,0,15,1,20,1.1,10,1,10,1,23,1.1,100
Basarios,Head 3,48,50,55,50,48,50,15,1,20,1.1,10,1,10,1,23,1.1,100
Basarios,Lower Neck 0,15,0,20,0,20,0,10,1,15,1,10,1,10,1,18,1,0
Basarios,Lower Neck 1,15,0,20,0,20,0,10,1,15,1,10,1,10,1,18,1,0
Basarios,Lower Neck 2,15,0,20,0,20,0,10,1,15,1,10,1,10,1,18,1,0
Basarios,Back 0,15,0,20,0,20,0,10,1,15,1,10,1,10,1,18,1,0
Basarios,Back 1,48,50,48,50,55,50,15,1,20,1.1,10,1,10,1,23,1.1,0
Basarios,Back 2,38,0,35,0,43,0,15,1,20,1.1,10,1,10,1,23,1.1,0
Basarios,Back 3,48,50,48,50,55,50,15,1,20,1.1,10,1,10,1,23,1.1,0
Basarios,Abdomen 0,24,0,25,0,30,0,10,1,10,1,10,1,10,1,15,1,0
Basarios,Abdomen 1,60,50,55,50,50,50,12,1,18,1,10,1,10,1,20,1.1,0
Basarios,Abdomen 2,48,50,44,0,40,0,12,1,18,1,10,1,10,1,20,1.1,0
Basarios,Abdomen 3,62,50,55,50,50,50,12,1,18,1,10,1,10,1,20,1.1,0
Basarios,Lower Tail 0,15,0,15,0,15,0,10,1,15,1,10,1,10,1,18,1,0
Basarios,Lower Tail 1,15,0,15,0,15,0,10,1,15,1,10,1,10,1,18,1,0
Basarios,Lower Tail 2,15,0,15,0,15,0,10,1,15,1,10,1,10,1,18,1,0
Basarios,Wing 0,20,0,20,0,20,0,10,1,15,1,10,1,10,1,18,1,0
Basarios,Wing 1,20,0,20,0,20,0,10,1,15,1,10,1,10,1,18,1,0
Basarios,Wing 2,20,0,20,0,20,0,10,1,15,1,10,1,10,1,18,1,0
Basarios,Leg 0,25,0,26,0,30,0,10,1,10,1,10,1,10,1,10,1,0
Basarios,Leg 1,25,0,26,0,30,0,10,1,10,1,10,1,10,1,10,1,0
Basarios,Leg 2,25,0,26,0,30,0,10,1,10,1,10,1,10,1,10,1,0
Basarios,Tail Tip 0,28,0,15,0,15,0,10,1,10,1,10,1,10,1,15,1,0
Basarios,Tail Tip 1,28,0,15,0,15,0,10,1,10,1,10,1,10,1,15,1,0
Basarios,Tail Tip 2,28,0,15,0,15,0,10,1,10,1,10,1,10,1,15,1,0
Bazelgeuse,Head 0,60,50,65,50,25,0,0,1,5,1,10,1,15,1,10,1,100
Bazelgeuse,Head 1,80,50,85,50,35,0,0,1,10,1,15,1,20,1.1,15,1,100
Bazelgeuse,Abdomen 0,45,0,45,0,25,0,0,1,5,1,10,1,10,1,10,1,0
Bazelgeuse,Abdomen 1,45,0,45,0,25,0,0,1,5,1,10,1,10,1,10,1,0
Bazelgeuse,Back 0,30,0,30,0,10,0,0,1,0,1,5,1,5,1,5,1,0
Bazelgeuse,Back 1,30,0,30,0,10,0,0,1,0,1,5,1,5,1,5,1,0
Bazelgeuse,Leg 0,30,0,30,0,20,0,0,1,5,1,10,1,15,1,10,1,0
Bazelgeuse,Leg 1,36,0,34,0,25,0,0,1,5,1,10,1,15,1,10,1,0
Bazelgeuse,Wing 0,25,0,25,0,45,0,0,1,5,1,10,1,10,1,10,1,0
Bazelgeuse,Wing 1,25,0,25,0,15,0,0,1,0,1,5,1,5,1,5,1,0
Bazelgeuse,Tail 0,60,50,55,50,35,0,0,1,5,1,10,1,15,1,10,1,0
Bazelgeuse,Tail 1,75,50,70,50,45,0,0,1,5,1,10,1,15,1,10,1,0
Bishaten,Head 0,70,50,70,50,60,50,20,1.1,0,1,25,1.1,10,1,0,1,100
Bishaten,Body 0,25,0,25,0,30,0,10,1,0,1,15,1,5,1,0,1,0
Bishaten,Foreleg 0,25,0,25,0,30,0,5,1,0,1,10,1,0,1,0,1,0
Bishaten,Wing 0,40,0,30,0,40,0,5,1,0,1,10,1,5,1,0,1,0
Bishaten,Hind Leg 0,25,0,30,0,25,0,5,1,0,1,10,1,5,1,0,1,0
Bishaten,Tail 0,60,50,40,0,40,0,10,1,0,1,20,1.1,5,1,0,1,0
Blood Orange Bishaten,Head 0,70,50,70,50,60,50,0,1,25,1.1,10,1,20,1.1,0,1,100
Blood Orange Bishaten,Body 0,25,0,25,0,30,0,0,1,15,1,5,1,10,1,0,1,0
Blood Orange Bishaten,Foreleg 0,25,0,25,0,30,0,0,1,10,1,0,1,5,1,0,1,0
Blood Orange Bishaten,Wing 0,40,0,30,0,25,0,0,1,10,1,5,1,5,1,0,1,0
Blood Orange Bishaten,Hind Leg 0,25,0,30,0,25,0,0,1,10,1,5,1,5,1,0,1,0
Blood Orange Bishaten,Tail 0,60,50,40,0,40,0,0,1,20,1.1,5,1,10,1,0,1,0
Chameleos,Head 0,55,50,50,50,45,0,25,1.1,0,1,0,1,10,1,20,1.1,100
Chameleos,Head 1,55,50,50,50,60,50,25,1.1,0,1,0,1,10,1,20,1.1,100
Chameleos,Wing 0,22,0,22,0,20,0,20,1.1,0,1,0,1,10,1,15,1,0
Chameleos,Wing 1,22,0,22,0,15,0,20,1.1,0,1,0,1,10,1,15,1,0
Chameleos,Back 0,25,0,22,0,25,0,25,1.1,0,1,0,1,10,1,20,1.1,0
Chameleos,Back 1,25,0,22,0,15,0,25,1.1,0,1,0,1,10,1,20,1.1,0
Chameleos,Abdomen 0,25,0,30,0,22,0,20,1.1,5,1,0,1,10,1,15,1,0
Chameleos,Abdomen 1,45,0,45,0,10,0,20,1.1,5,1,0,1,10,1,15,1,0
Chameleos,Foreleg 0,45,0,45,0,20,0,20,1.1,0,1,0,1,10,1,10,1,0
Chameleos,Foreleg 1,45,0,45,0,10,0,25,1.1,0,1,0,1,10,1,10,1,0
Chameleos,Hind Leg 0,30,0,25,0,20,0,25,1.1,0,1,0,1,10,1,20,1.1,0
Chameleos,Hind Leg 1,30,0,25,0,10,0,25,1.1,0,1,0,1,10,1,20,1.1,0
Chameleos,Tail 0,35,0,22,0,45,0,10,1,0,1,0,1,10,1,5,1,0
Chameleos,Tail 1,35,0,22,0,45,0,10,1,0,1,0,1,10,1,5,1,0
Chaotic Gore Magala,Head 0,70,50,60,50,45,0,18,1,0,1,5,1,15,1,20,1.1,100
Chaotic Gore Magala,Neck 0,45,0,50,50,25,0,15,1,0,1,5,1,10,1,5,1,0
Chaotic Gore Magala,Torso 0,25,0,25,0,20,0,10,1,0,1,5,1,5,1,5,1,0
Chaotic Gore Magala,Right Wingarm 0,20,0,21,0,10,0,25,1.1,0,1,0,1,0,1,30,1.1,0
Chaotic Gore Magala,Right Wingarm 1,23,0,23,0,15,0,20,1.1,0,1,5,1,15,1,25,1.1,0
Chaotic Gore Magala,Foreleg 0,52,50,52,50,25,0,10,1,0,1,5,1,5,1,15,1,0
Chaotic Gore Magala,Hind Leg 0,38,0,38,0,35,0,10,1,0,1,5,1,5,1,5,1,0
Chaotic Gore Magala,Wing 0,26,0,26,0,15,0,15,1,0,1,5,1,10,1,5,1,0
Chaotic Gore Magala,Tail 0,38,0,38,0,25,0,10,1,0,1,5,1,10,1,5,1,0
Chaotic Gore Magala,Antenna 0,70,50,60,50,45,0,18,1,0,1,5,1,10,1,20,1.1,100
Chaotic Gore Magala,Left Wingarm 0,27,0,27,0,20,0,20,1.1,0,1,5,1,15,1,10,1,0
Crimsonglow Valstrax,Head 0,55,50,60,50,35,0,25,1.1,25,1.1,25,1.1,25,1.1,0,1,100
Crimsonglow Valstrax,Head 1,55,50,60,50,35,0,25,1.1,25,1.1,25,1.1,25,1.1,0,1,100
Crimsonglow Valstrax,Head 2,57,50,62,50,35,0,0,1,0,1,0,1,0,1,0,1,100
Crimsonglow Valstrax,Head 3,57,50,62,50,35,0,0,1,0,1,0,1,0,1,0,1,100
Crimsonglow Valstrax,Neck 0,40,0,30,0,15,0,25,1.1,25,1.1,25,1.1,25,1.1,0,1,0
Crimsonglow Valstrax,Neck 1,40,0,30,0,15,0,25,1.1,25,1.1,25,1.1,25,1.1,0,1,0
Crimsonglow Valstrax,Neck 2,40,0,30,0,20,0,0,1,0,1,0,1,0,1,0,1,0
Crimsonglow Valstrax,Neck 3,40,0,30,0,20,0,0,1,0,1,0,1,0,1,0,1,0
Crimsonglow Valstrax,Body 0,30,0,25,0,10,0,20,1.1,20,1.1,20,1.1,20,1.1,0,1,0
Crimsonglow Valstrax,Body 1,30,0,25,0,10,0,20,1.1,20,1.1,20,1.1,20,1.1,0,1,0
Crimsonglow Valstrax,Body 2,30,0,25,0,10,0,0,1,0,1,0,1,0,1,0,1,0
Crimsonglow Valstrax,Body 3,30,0,25,0,10,0,0,1,0,1,0,1,0,1,0,1,0
Crimsonglow Valstrax,Wingarm 0,45,0,45,0,45,0,15,1,15,1,15,1,15,1,0,1,0
Crimsonglow Valstrax,Wingarm 1,45,0,45,0,45,0,15,1,15,1,15,1,15,1,0,1,0
Crimsonglow Valstrax,Wingarm 2,45,0,45,0,45,0,15,1,15,1,15,1,15,1,0,1,0
Crimsonglow Valstrax,Wingarm 3,45,0,45,0,45,0,15,1,15,1,15,1,15,1,0,1,0
Crimsonglow Valstrax,Foreleg 0,25,0,24,0,25,0,25,1.1,25,1.1,25,1.1,25,1.1,0,1,0
Crimsonglow Valstrax,Foreleg 1,25,0,24,0,25,0,25,1.1,25,1.1,25,1.1,25,1.1,0,1,0
Crimsonglow Valstrax,Foreleg 2,25,0,24,0,25,0,25,1.1,25,1.1,25,1.1,25,1.1,0,1,0
Crimsonglow Valstrax,Foreleg 3,25,0,24,0,25,0,25,1.1,25,1.1,25,1.1,25,1.1,0,1,0
Crimsonglow Valstrax,Hind Leg 0,25,0,24,0,20,0,15,1,15,1,15,1,15,1,0,1,0
Crimsonglow Valstrax,Hind Leg 1,25,0,24,0,20,0,15,1,15,1,15,1,15,1,0,1,0
Crimsonglow Valstrax,Hind Leg 2,25,0,24,0,40,0,0,1,0,1,0,1,0,1,0,1,0
Crimsonglow Valstrax,Hind Leg 3,25,0,24,0,40,0,0,1,0,1,0,1,0,1,0,1,0
Crimsonglow Valstrax,Wing 0,22,0,45,0,10,0,25,1.1,25,1.1,25,1.1,25,1.1,0,1,0
Crimsonglow Valstrax,Wing 1,64,50,70,50,45,0,0,1,0,1,0,1,0,1,0,1,0
Crimsonglow Valstrax,Wing 2,22,0,45,0,10,0,0,1,0,1,0,1,0,1,0,1,0
Crimsonglow Valstrax,Wing 3,64,50,70,50,45,0,0,1,0,1,0,1,0,1,0,1,0
Crimsonglow Valstrax,Tail 0,45,0,24,0,20,0,20,1.1,20,1.1,20,1.1,20,1.1,0,1,0
Crimsonglow Valstrax,Tail 1,45,0,24,0,20,0,20,1.1,20,1.1,20,1.1,20,1.1,0,1,0
Crimsonglow Valstrax,Tail 2,45,0,24,0,20,0,0,1,0,1,0,1,0,1,0,1,0
Crimsonglow Valstrax,Tail 3,45,0,24,0,20,0,0,1,0,1,0,1,0,1,0,1,0
Crimsonglow Valstrax,Chest (Windsac) 0,80,50,90,50,50,50,15,1,25,1.1,25,1.1,20,1.1,0,1,0
Crimsonglow Valstrax,Chest (Windsac) 1,80,50,90,50,50,50,15,1,25,1.1,25,1.1,20,1.1,0,1,0
Crimsonglow Valstrax,Chest (Windsac) 2,80,50,90,50,50,50,15,1,25,1.1,25,1.1,20,1.1,0,1,0
Crimsonglow Valstrax,Chest (Windsac) 3,80,50,90,50,50,50,15,1,25,1.1,25,1.1,20,1.1,0,1,0
Crimsonglow Valstrax,Chest 0,30,0,25,0,10,0,20,1.1,20,1.1,20,1.1,20,1.1,0,1,0
Crimsonglow Valstrax,Chest 1,30,0,25,0,10,0,20,1.1,20,1.1,20,1.1,20,1.1,0,1,0
Crimsonglow Valstrax,Chest 2,30,0,25,0,10,0,0,1,0,1,0,1,0,1,0,1,0
Crimsonglow Valstrax,Chest 3,30,0,25,0,10,0,0,1,0,1,0,1,0,1,0,1,0
Daimyo Hermitaur,Head 0,50,50,60,50,45,0,30,1.1,10,1,20,1.1,35,1.1,0,1,100
Daimyo Hermitaur,Head 1,20,0,40,0,20,0,30,1.1,10,1,20,1.1,35,1.1,0,1,100
Daimyo Hermitaur,Body 0,40,0,50,50,30,0,15,1,5,1,10,1,20,1.1,0,1,0
Daimyo Hermitaur,Body 1,20,0,30,0,15,0,15,1,5,1,10,1,20,1.1,0,1,0
Daimyo Hermitaur,Shell 0,22,0,40,0,25,0,20,1.1,5,1,10,1,25,1.1,0,1,0
Daimyo Hermitaur,Shell 1,20,0,30,0,15,0,20,1.1,5,1,10,1,20,1.1,0,1,0
Daimyo Hermitaur,Shell 2,30,0,40,0,25,0,35,1.1,5,1,10,1,25,1.1,0,1,0
Daimyo Hermitaur,Right Leg 0,35,0,40,0,30,0,15,1,5,1,10,1,15,1,0,1,0
Daimyo Hermitaur,Right Leg 1,20,0,30,0,15,0,15,1,5,1,10,1,15,1,0,1,0
Daimyo Hermitaur,Right Claw 0,25,0,30,0,15,0,35,1.1,5,1,10,1,20,1.1,0,1,0
Daimyo Hermitaur,Right Claw 1,15,0,30,0,15,0,35,1.1,5,1,10,1,20,1.1,0,1,0
Daimyo Hermitaur,Right Claw 2,30,0,40,0,25,0,35,1.1,5,1,10,1,25,1.1,0,1,0
Daimyo Hermitaur,Left Claw 0,25,0,30,0,15,0,35,1.1,5,1,10,1,20,1.1,0,1,0
Daimyo Hermitaur,Left Claw 1,15,0,30,0,15,0,35,1.1,5,1,10,1,20,1.1,0,1,0
Daimyo Hermitaur,Left Claw 2,30,0,40,0,25,0,35,1.1,5,1,10,1,25,1.1,0,1,0
Daimyo Hermitaur,Left Leg 0,35,0,40,0,30,0,15,1,5,1,10,1,15,1,0,1,0
Daimyo Hermitaur,Left Leg 1,20,0,30,0,15,0,15,1,5,1,10,1,15,1,0,1,0
Daimyo Hermitaur,Foreleg 0,40,0,45,0,30,0,15,1,5,1,10,1,15,1,0,1,0
Daimyo Hermitaur,Foreleg 1,20,0,30,0,15,0,15,1,5,1,10,1,15,1,0,1,0
Diablos,Horn 0,21,0,42,0,20,0,0,1,20,1.1,25,1.1,10,1,20,1.1,100
Diablos,Head 0,45,0,60,50,40,0,0,1,15,1,25,1.1,10,1,15,1,100
Diablos,Neck 0,40,0,40,0,25,0,0,1,15,1,20,1.1,5,1,15,1,0
Diablos,Abdomen 0,65,50,70,50,40,0,0,1,25,1.1,30,1.1,10,1,25,1.1,0
Diablos,Back 0,25,0,42,0,35,0,0,1,20,1.1,25,1.1,10,1,20,1.1,0
Diablos,Wing 0,40,0,30,0,60,50,0,1,25,1.1,30,1.1,10,1,25,1.1,0
Diablos,Leg 0,35,0,35,0,35,0,0,1,10,1,15,1,5,1,10,1,0
Diablos,Tail 0,50,50,24,0,45,0,0,1,20,1.1,15,1,10,1,20,1.1,0
Diablos,Tail Tip 0,23,0,26,0,10,0,0,1,20,1.1,25,1.1,10,1,20,1.1,0
Espinas,Head 0,30,0,30,0,20,0,0,1,10,1,15,1,5,1,10,1,100
Espinas,Head 1,65,50,65,50,50,50,0,1,15,1,30,1.1,5,1,20,1.1,100
Espinas,Head 2,20,0,20,0,10,0,0,1,0,1,5,1,0,1,0,1,0
Espinas,Abdomen 0,30,0,30,0,25,0,0,1,10,1,15,1,5,1,10,1,0
Espinas,Abdomen 1,60,50,60,50,40,0,0,1,15,1,25,1.1,5,1,20,1.1,0
Espinas,Abdomen 2,20,0,20,0,10,0,0,1,0,1,5,1,0,1,0,1,0
Espinas,Back 0,20,0,20,0,15,0,0,1,5,1,10,1,0,1,5,1,0
Espinas,Back 1,30,0,30,0,20,0,0,1,10,1,15,1,5,1,10,1,0
Espinas,Back 2,20,0,20,0,10,0,0,1,0,1,5,1,0,1,0,1,0
Espinas,Wing 0,23,0,23,0,20,0,0,1,5,1,10,1,0,1,5,1,0
Espinas,Wing 1,30,0,30,0,40,0,0,1,10,1,20,1.1,5,1,15,1,0
Espinas,Wing 2,20,0,20,0,10,0,0,1,0,1,5,1,0,1,0,1,0
Espinas,Legs 0,38,0,38,0,40,0,0,1,10,1,15,1,5,1,10,1,0
Espinas,Legs 1,34,0,34,0,30,0,0,1,10,1,15,1,5,1,10,1,0
Espinas,Legs 2,20,0,20,0,10,0,0,1,0,1,5,1,0,1,0,1,0
Espinas,Tail 0,28,0,25,0,20,0,0,1,5,1,10,1,0,1,5,1,0
Espinas,Tail 1,50,50,42,0,45,0,0,1,10,1,20,1.1,5,1,15,1,0
Espinas,Tail 2,20,0,20,0,10,0,0,1,0,1,5,1,0,1,0,1,0
Flaming Espinas,Head 0,30,0,30,0,20,0,0,1,15,1,5,1,10,1,10,1,100
Flaming Espinas,Head 1,60,50,60,50,50,50,0,1,30,1.1,5,1,20,1.1,15,1,100
Flaming Espinas,Head 2,20,0,20,0,10,0,0,1,5,1,0,1,0,1,0,1,0
Flaming Espinas,Head 3,85,50,85,50,75,50,0,1,30,1.1,5,1,20,1.1,15,1,100
Flaming Espinas,Head 4,21,0,21,0,35,0,10,1,20,1.1,5,1,10,1,0,1,100
Flaming Espinas,Head 5,50,50,50,50,35,0,10,1,30,1.1,5,1,15,1,0,1,100
Flaming Espinas,Head 6,75,50,75,50,60,50,10,1,30,1.1,5,1,15,1,0,1,100
Flaming Espinas,Abdomen 0,30,0,30,0,25,0,0,1,15,1,5,1,10,1,10,1,0
Flaming Espinas,Abdomen 1,65,50,65,50,40,0,0,1,25,1.1,5,1,20,1.1,15,1,0
Flaming Espinas,Abdomen 2,20,0,20,0,10,0,0,1,5,1,0,1,0,1,0,1,0
Flaming Espinas,Abdomen 3,90,50,90,50,65,50,0,1,25,1.1,5,1,20,1.1,15,1,0
Flaming Espinas,Abdomen 4,45,0,40,0,40,0,5,1,15,1,5,1,5,1,0,1,0
Flaming Espinas,Abdomen 5,60,50,55,50,50,50,5,1,25,1.1,5,1,15,1,0,1,0
Flaming Espinas,Abdomen 6,85,50,80,50,90,50,5,1,25,1.1,5,1,15,1,0,1,0
Flaming Espinas,Back 0,20,0,20,0,15,0,0,1,10,1,0,1,5,1,5,1,0
Flaming Espinas,Back 1,30,0,30,0,20,0,0,1,15,1,5,1,10,1,10,1,0
Flaming Espinas,Back 2,20,0,20,0,10,0,0,1,5,1,0,1,0,1,0,1,0
Flaming Espinas,Back 3,65,50,65,50,55,50,0,1,15,1,5,1,10,1,10,1,0
Flaming Espinas,Back 4,20,0,20,0,25,0,5,1,15,1,5,1,10,1,0,1,0
Flaming Espinas,Back 5,25,0,30,0,20,0,5,1,20,1.1,5,1,10,1,0,1,0
Flaming Espinas,Back 6,50,50,55,50,50,50,5,1,25,1.1,5,1,10,1,0,1,0
Flaming Espinas,Wing 0,23,0,23,0,20,0,0,1,10,1,0,1,10,1,5,1,0
Flaming Espinas,Wing 1,30,0,30,0,40,0,0,1,20,1.1,5,1,20,1.1,15,1,0
Flaming Espinas,Wing 2,20,0,20,0,10,0,0,1,5,1,0,1,5,1,0,1,0
Flaming Espinas,Wing 3,65,50,65,50,75,50,0,1,20,1.1,5,1,20,1.1,15,1,0
Flaming Espinas,Wing 4,20,0,25,0,10,0,5,1,10,1,5,1,10,1,0,1,0
Flaming Espinas,Wing 5,30,0,35,0,25,0,5,1,15,1,5,1,10,1,0,1,0
Flaming Espinas,Wing 6,55,50,65,50,50,50,5,1,20,1.1,5,1,10,1,0,1,0
Flaming Espinas,Legs 0,38,0,38,0,40,0,0,1,15,1,5,1,10,1,10,1,0
Flaming Espinas,Legs 1,34,0,34,0,30,0,0,1,15,1,5,1,10,1,10,1,0
Flaming Espinas,Legs 2,20,0,20,0,10,0,0,1,5,1,0,1,0,1,0,1,0
Flaming Espinas,Legs 3,69,50,69,50,65,50,0,1,15,1,5,1,10,1,10,1,0
Flaming Espinas,Legs 4,23,0,23,0,40,0,5,1,5,1,5,1,5,1,0,1,0
Flaming Espinas,Legs 5,23,0,23,0,30,0,5,1,5,1,5,1,5,1,0,1,0
Flaming Espinas,Legs 6,45,0,40,0,60,50,5,1,10,1,5,1,5,1,0,1,0
Flaming Espinas,Tail 0,28,0,25,0,20,0,0,1,10,1,0,1,5,1,5,1,0
Flaming Espinas,Tail 1,50,50,42,0,45,0,0,1,20,1.1,5,1,15,1,10,1,0
Flaming Espinas,Tail 2,20,0,20,0,10,0,0,1,5,1,0,1,0,1,0,1,0
Flaming Espinas,Tail 3,75,50,67,50,70,50,0,1,20,1.1,5,1,15,1,10,1,0
Flaming Espinas,Tail 4,25,0,25,0,25,0,5,1,15,1,5,1,5,1,0,1,0
Flaming Espinas,Tail 5,35,0,25,0,25,0,5,1,20,1.1,5,1,5,1,0,1,0
Flaming Espinas,Tail 6,60,50,55,50,50,50,5,1,30,1.1,5,1,5,1,0,1,0
Furious Rajang,Head 0,65,50,67,50,55,50,0,1,5,1,30,1.1,0,1,0,1,100
Furious Rajang,Torso 0,45,0,45,0,35,0,0,1,5,1,15,1,0,1,0,1,0
Furious Rajang,Foreleg 0,45,0,45,0,40,0,0,1,5,1,15,1,0,1,0,1,0
Furious Rajang,Foreleg 1,10,0,10,0,5,0,0,1,5,1,15,1,0,1,0,1,0
Furious Rajang,Hind Leg 0,35,0,35,0,15,0,0,1,5,1,15,1,0,1,0,1,0
Furious Rajang,Tail 0,35,0,32,0,25,0,0,1,5,1,15,1,0,1,0,1,0
Furious Rajang,Tail 1,65,50,65,50,55,50,0,1,5,1,25,1.1,0,1,0,1,0
Gaismagorm,Head 0,70,50,72,50,45,0,10,1,0,1,0,1,20,1.1,30,1.1,100
Gaismagorm,Neck 0,40,0,42,0,24,0,5,1,0,1,0,1,15,1,25,1.1,0
Gaismagorm,Back 0,20,0,20,0,14,0,5,1,0,1,0,1,5,1,10,1,0
Gaismagorm,Abdomen 0,32,0,34,0,16,0,5,1,0,1,0,1,15,1,25,1.1,0
Gaismagorm,Wing 0,43,0,43,0,28,0,5,1,0,1,0,1,15,1,25,1.1,0
Gaismagorm,Foreleg 0,32,0,32,0,20,0,5,1,0,1,0,1,10,1,20,1.1,0
Gaismagorm,Hind Leg 0,26,0,26,0,18,0,5,1,0,1,0,1,10,1,15,1,0
Gaismagorm,Tail 0,32,0,30,0,16,0,5,1,0,1,0,1,10,1,15,1,0
Gaismagorm,Tail Tip 0,45,0,38,0,22,0,5,1,0,1,0,1,15,1,25,1.1,
Garangolm,Head 0,50,50,45,0,35,0,8,1,0,1,5,1,10,1,0,1,100
Garangolm,Head 1,60,50,55,50,35,0,20,1.1,20,1.1,30,1.1,30,1.1,0,1,100
Garangolm,Torso 0,35,0,35,0,15,0,8,1,0,1,5,1,10,1,0,1,0
Garangolm,Torso 1,35,0,35,0,15,0,8,1,0,1,5,1,10,1,0,1,0
Garangolm,Torso 2,35,0,35,0,15,0,8,1,0,1,5,1,10,1,0,1,0
Garangolm,Left Arm 0,45,0,50,50,45,0,8,1,0,1,5,1,10,1,0,1,0
Garangolm,Left Arm 1,55,50,60,50,45,0,25,1.1,0,1,0,1,25,1.1,0,1,0
Garangolm,Right Arm 0,45,0,50,50,45,0,8,1,0,1,5,1,10,1,0,1,0
Garangolm,Right Arm 1,55,50,60,50,45,0,0,1,25,1.1,25,1.1,0,1,0,1,0
Garangolm,Hind Leg 0,25,0,25,0,20,0,8,1,0,1,5,1,10,1,0,1,0
Garangolm,Hind Leg 1,25,0,25,0,20,0,8,1,0,1,5,1,10,1,0,1,0
Garangolm,Hind Leg 2,25,0,25,0,20,0,8,1,0,1,5,1,10,1,0,1,0
Garangolm,Tail 0,40,0,40,0,30,0,8,1,0,1,5,1,10,1,0,1,0
Garangolm,Tail 1,25,0,25,0,20,0,8,1,0,1,5,1,10,1,0,1,0
Gold Rathian,Head 0,22,0,22,0,22,0,0,1,5,1,5,1,10,1,0,1,100
Gold Rathian,Head 1,55,50,60,50,45,0,0,1,15,1,10,1,20,1.1,0,1,100
Gold Rathian,Head 2,55,50,60,50,45,0,0,1,15,1,10,1,20,1.1,0,1,100
Gold Rathian,Head 3,65,50,70,50,50,50,0,1,20,1.1,15,1,25,1.1,0,1,100
Gold Rathian,Neck 0,22,0,22,0,22,0,0,1,5,1,5,1,10,1,0,1,0
Gold Rathian,Neck 1,40,0,40,0,30,0,0,1,15,1,15,1,20,1.1,0,1,0
Gold Rathian,Neck 2,38,0,38,0,30,0,0,1,10,1,10,1,15,1,0,1,0
Gold Rathian,Neck 3,45,0,45,0,35,0,0,1,20,1.1,15,1,25,1.1,0,1,0
Gold Rathian,Torso 0,25,0,30,0,30,0,5,1,10,1,10,1,15,1,0,1,0
Gold Rathian,Back 0,22,0,22,0,15,0,0,1,5,1,5,1,10,1,0,1,0
Gold Rathian,Wing 0,35,0,35,0,35,0,0,1,15,1,10,1,15,1,0,1,0
Gold Rathian,Leg 0,44,0,44,0,45,0,0,1,10,1,5,1,10,1,0,1,0
Gold Rathian,Tail 0,20,0,20,0,45,0,0,1,10,1,5,1,10,1,0,1,0
Gold Rathian,Tail Tip 0,45,0,45,0,45,0,0,1,10,1,5,1,10,1,0,1,0
Gore Magala,Head 0,65,50,55,50,45,0,15,1,0,1,5,1,15,1,15,1,100
Gore Magala,Neck 0,45,0,45,0,25,0,15,1,0,1,5,1,10,1,5,1,0
Gore Magala,Body 0,25,0,25,0,20,0,10,1,0,1,5,1,5,1,5,1,0
Gore Magala,Wingclaw 0,27,0,27,0,20,0,20,1.1,0,1,5,1,15,1,10,1,0
Gore Magala,Foreleg 0,42,0,42,0,25,0,10,1,0,1,5,1,5,1,5,1,0
Gore Magala,Hind Leg 0,38,0,38,0,35,0,10,1,0,1,5,1,5,1,5,1,0
Gore Magala,Wing 0,26,0,26,0,15,0,15,1,0,1,5,1,10,1,5,1,0
Gore Magala,Tail 0,38,0,38,0,25,0,10,1,0,1,5,1,10,1,5,1,0
Gore Magala,Antenna 0,75,50,70,50,50,50,20,1.1,0,1,5,1,10,1,25,1.1,100
Goss Harag,Head 0,56,50,56,50,50,50,20,1.1,0,1,0,1,15,1,0,1,100
Goss Harag,Head 1,60,50,60,50,55,50,10,1,0,1,0,1,15,1,0,1,120
Goss Harag,Back 0,30,0,30,0,20,0,25,1.1,0,1,0,1,15,1,0,1,0
Goss Harag,Back 1,30,0,30,0,25,0,20,1.1,0,1,0,1,15,1,0,1,0
Goss Harag,Foreleg 0,51,50,51,50,35,0,30,1.1,0,1,0,1,15,1,0,1,0
Goss Harag,Foreleg 1,60,50,65,50,40,0,10,1,0,1,0,1,15,1,0,1,0
Goss Harag,Ice Clump 0,66,50,66,50,45,0,30,1.1,0,1,0,1,10,1,0,1,0
Goss Harag,Ice Clump 1,66,50,66,50,45,0,30,1.1,0,1,0,1,10,1,0,1,0
Goss Harag,Leg 0,24,0,24,0,15,0,30,1.1,0,1,0,1,5,1,0,1,0
Goss Harag,Leg 1,24,0,24,0,20,0,10,1,0,1,0,1,5,1,0,1,0
Goss Harag,Torso 0,24,0,24,0,20,0,15,1,0,1,0,1,5,1,0,1,0
Goss Harag,Torso 1,24,0,24,0,25,0,10,1,0,1,0,1,5,1,0,1,0
Goss Harag,Torso (Break) 0,24,0,24,0,20,0,15,1,0,1,0,1,5,1,0,1,0
Goss Harag,Torso (Break) 1,24,0,24,0,20,0,10,1,0,1,0,1,5,1,0,1,0
Great Baggi,Head 0,75,50,65,50,60,50,40,1.1,20,1.1,0,1,20,1.1,0,1,100
Great Baggi,Torso 0,50,50,50,50,40,0,40,1.1,20,1.1,0,1,20,1.1,0,1,0
Great Izuchi,Head 0,80,50,80,50,75,50,10,1,20,1.1,10,1,25,1.1,5,1,100
Great Izuchi,Torso 0,45,0,45,0,40,0,10,1,10,1,10,1,15,1,5,1,0
Great Izuchi,Foreleg 0,50,50,50,50,55,50,10,1,10,1,10,1,15,1,0,1,0
Great Izuchi,Tail Base 0,55,50,50,50,35,0,10,1,15,1,10,1,20,1.1,5,1,0
Great Izuchi,Tail Tip 0,75,50,80,50,75,50,15,1,20,1.1,15,1,25,1.1,10,1,0
Great Wroggi,Head 0,75,50,60,50,60,50,0,1,20,1.1,40,1.1,5,1,0,1,100
Great Wroggi,Torso 0,50,50,50,50,50,50,0,1,20,1.1,40,1.1,5,1,0,1,0
Jyuratodus,Head 0,63,50,63,50,53,50,5,1,0,1,5,1,10,1,5,1,100
Jyuratodus,Head 1,50,50,50,50,40,0,0,1,25,1.1,5,1,0,1,5,1,100
Jyuratodus,Neck 0,43,0,43,0,43,0,5,1,0,1,5,1,10,1,5,1,0
Jyuratodus,Neck 1,43,0,43,0,43,0,5,1,0,1,5,1,10,1,5,1,0
Jyuratodus,Torso 0,35,0,35,0,35,0,10,1,0,1,5,1,25,1.1,5,1,0
Jyuratodus,Torso 1,30,0,30,0,25,0,0,1,25,1.1,5,1,0,1,5,1,0
Jyuratodus,Back 0,25,0,25,0,25,0,5,1,0,1,5,1,15,1,5,1,0
Jyuratodus,Back 1,30,0,30,0,25,0,0,1,25,1.1,5,1,0,1,5,1,0
Jyuratodus,Fin 0,25,0,25,0,25,0,10,1,0,1,5,1,20,1.1,5,1,0
Jyuratodus,Fin 1,30,0,30,0,25,0,0,1,25,1.1,5,1,0,1,5,1,0
Jyuratodus,Leg 0,45,0,45,0,40,0,15,1,0,1,5,1,30,1.1,5,1,0
Jyuratodus,Leg 1,45,0,45,0,40,0,0,1,25,1.1,5,1,0,1,5,1,0
Jyuratodus,Tail 0,55,50,50,50,45,0,5,1,0,1,5,1,10,1,5,1,0
Jyuratodus,Tail 1,50,50,50,50,40,0,0,1,25,1.1,5,1,0,1,5,1,0
Khezu,Head 0,75,50,70,50,80,50,30,1.1,5,1,5,1,0,1,5,1,100
Khezu,Neck 0,75,50,50,50,50,50,25,1.1,5,1,5,1,0,1,5,1,0
Khezu,Torso 0,45,0,45,0,25,0,25,1.1,5,1,5,1,0,1,5,1,0
Khezu,Tail 0,20,0,20,0,30,0,20,1.1,5,1,5,1,0,1,5,1,0
Khezu,Wing 0,25,0,25,0,25,0,20,1.1,5,1,5,1,0,1,5,1,0
Khezu,Left Leg 0,36,0,20,0,35,0,15,1,5,1,5,1,0,1,5,1,0
Khezu,Left Leg 1,46,50,30,0,45,0,17,1,5,1,5,1,0,1,5,1,0
Khezu,Right Leg 0,36,0,20,0,35,0,15,1,5,1,5,1,0,1,5,1,0
Khezu,Right Leg 1,46,50,30,0,45,0,17,1,5,1,5,1,0,1,5,1,0
Kulu Ya Ku,Head 0,68,50,68,50,60,50,15,1,20,1.1,15,1,15,1,15,1,100
Kulu Ya Ku,Head 1,68,50,68,50,60,50,15,1,20,1.1,15,1,15,1,15,1,100
Kulu Ya Ku,Foreleg 0,52,50,56,50,45,0,15,1,20,1.1,15,1,15,1,15,1,0
Kulu Ya Ku,Foreleg 1,52,50,56,50,45,0,15,1,20,1.1,15,1,15,1,15,1,0
Kulu Ya Ku,Body 0,45,0,45,0,40,0,15,1,20,1.1,15,1,15,1,15,1,0
Kulu Ya Ku,Body 1,45,0,45,0,40,0,15,1,20,1.1,15,1,15,1,15,1,0
Kulu Ya Ku,Tail 0,55,50,50,50,35,0,15,1,20,1.1,15,1,15,1,15,1,0
Kulu Ya Ku,Tail 1,55,50,50,50,35,0,15,1,20,1.1,15,1,15,1,15,1,0
Kulu Ya Ku,Boulder 0,5,0,5,0,5,0,5,1,20,1.1,5,1,5,1,5,1,0
Kulu Ya Ku,Boulder 1,5,0,5,0,5,0,5,1,20,1.1,5,1,5,1,5,1,0
Kulu Ya Ku,Boulder 0,50,50,50,50,50,50,15,1,20,1.1,15,1,15,1,15,1,0
Kulu Ya Ku,Boulder 1,50,50,50,50,50,50,15,1,20,1.1,15,1,15,1,15,1,0
Kushala Daora,Head 0,60,50,55,50,35,0,10,1,5,1,0,1,15,1,10,1,100
Kushala Daora,Neck 0,40,0,35,0,25,0,10,1,5,1,0,1,15,1,5,1,0
Kushala Daora,Abdomen 0,35,0,50,50,35,0,10,1,5,1,0,1,15,1,10,1,0
Kushala Daora,Back 0,23,0,25,0,30,0,10,1,5,1,0,1,15,1,10,1,0
Kushala Daora,Tail 0,35,0,30,0,35,0,10,1,5,1,0,1,20,1.1,15,1,0
Kushala Daora,Foreleg 0,45,0,50,50,45,0,10,1,5,1,0,1,20,1.1,10,1,0
Kushala Daora,Hind Leg 0,30,0,30,0,25,0,10,1,5,1,0,1,15,1,5,1,0
Kushala Daora,Wing 0,23,0,23,0,20,0,10,1,5,1,0,1,20,1.1,15,1,0
Lagombi,Head 0,45,0,63,50,50,50,30,1.1,0,1,0,1,20,1.1,0,1,100
Lagombi,Head 1,45,0,63,50,50,50,30,1.1,0,1,0,1,20,1.1,0,1,100
Lagombi,Upper Half 0,44,0,44,0,40,0,30,1.1,0,1,0,1,15,1,0,1,0
Lagombi,Upper Half 1,44,0,44,0,40,0,30,1.1,0,1,0,1,15,1,0,1,0
Lagombi,Foreleg 0,30,0,30,0,20,0,10,1,0,1,0,1,5,1,0,1,0
Lagombi,Foreleg 1,30,0,30,0,20,0,10,1,0,1,0,1,5,1,0,1,0
Lagombi,Rear 0,63,50,50,50,35,0,20,1.1,0,1,0,1,10,1,0,1,0
Lagombi,Rear 1,63,50,50,50,35,0,20,1.1,0,1,0,1,10,1,0,1,0
Lagombi,Abdomen/Hind Leg 0,35,0,35,0,20,0,10,1,0,1,0,1,5,1,0,1,0
Lagombi,Abdomen/Hind Leg 1,35,0,35,0,20,0,10,1,0,1,0,1,5,1,0,1,0
Lucent Nargacuga,Head 0,55,50,60,50,45,0,0,1,5,1,20,1.1,0,1,10,1,100
Lucent Nargacuga,Head 1,65,50,70,50,47,50,0,1,10,1,25,1.1,0,1,15,1,100
Lucent Nargacuga,Neck/Back 0,30,0,30,0,15,0,0,1,5,1,15,1,0,1,10,1,0
Lucent Nargacuga,Abdomen 0,25,0,40,0,30,0,0,1,10,1,20,1.1,0,1,15,1,0
Lucent Nargacuga,Cutwing 0,21,0,24,0,21,0,0,1,10,1,30,1.1,0,1,15,1,0
Lucent Nargacuga,Foreleg 0,38,0,43,0,30,0,0,1,5,1,20,1.1,0,1,10,1,0
Lucent Nargacuga,Hind Leg 0,30,0,30,0,25,0,0,1,5,1,15,1,0,1,10,1,0
Lucent Nargacuga,Tail 0,40,0,35,0,45,0,0,1,5,1,10,1,0,1,5,1,0
Lucent Nargacuga,Tail 1,50,50,60,50,50,50,0,1,10,1,25,1.1,0,1,15,1,0
Lucent Nargacuga,Tail Tip 0,40,0,35,0,50,50,0,1,5,1,10,1,0,1,5,1,0
Lucent Nargacuga,Tail Tip 1,50,50,60,50,60,50,0,1,10,1,25,1.1,0,1,15,1,0
Lunagaron,Head 0,45,0,50,50,45,0,10,1,0,1,0,1,10,1,10,1,100
Lunagaron,Head 1,50,50,55,50,50,50,20,1.1,0,1,0,1,10,1,10,1,100
Lunagaron,Head 2,60,50,65,50,55,50,25,1.1,0,1,0,1,10,1,10,1,100
Lunagaron,Body 0,30,0,30,0,10,0,10,1,0,1,0,1,5,1,5,1,0
Lunagaron,Body 1,30,0,30,0,10,0,10,1,0,1,0,1,5,1,5,1,0
Lunagaron,Body 2,30,0,30,0,10,0,10,1,0,1,0,1,5,1,5,1,0
Lunagaron,Foreleg 0,35,0,35,0,15,0,15,1,0,1,0,1,10,1,5,1,0
Lunagaron,Foreleg 1,35,0,35,0,15,0,15,1,0,1,0,1,10,1,5,1,0
Lunagaron,Foreleg 2,45,0,45,0,30,0,25,1.1,0,1,0,1,10,1,5,1,0
Lunagaron,Hind Leg 0,30,0,30,0,20,0,10,1,0,1,0,1,5,1,5,1,0
Lunagaron,Hind Leg 1,40,0,40,0,40,0,15,1,0,1,0,1,5,1,5,1,0
Lunagaron,Hind Leg 2,40,0,40,0,40,0,15,1,0,1,0,1,5,1,5,1,0
Lunagaron,Tail 0,30,0,30,0,25,0,10,1,0,1,0,1,10,1,5,1,0
Lunagaron,Tail 1,35,0,35,0,30,0,15,1,0,1,0,1,10,1,5,1,0
Lunagaron,Tail 2,35,0,35,0,30,0,15,1,0,1,0,1,10,1,5,1,0
Lunagaron,Abdomen 0,35,0,35,0,15,0,20,1.1,0,1,0,1,10,1,5,1,0
Lunagaron,Abdomen 1,35,0,35,0,15,0,20,1.1,0,1,0,1,10,1,5,1,0
Lunagaron,Abdomen 2,45,0,45,0,30,0,30,1.1,0,1,0,1,10,1,5,1,0
Lunagaron,Back 0,25,0,30,0,15,0,15,1,0,1,0,1,10,1,5,1,0
Lunagaron,Back 1,25,0,30,0,15,0,15,1,0,1,0,1,10,1,5,1,0
Lunagaron,Back 2,35,0,40,0,25,0,20,1.1,0,1,0,1,10,1,5,1,0
Magma Almudron,Head 0,55,50,60,50,45,0,0,1,20,1.1,20,1.1,10,1,5,1,100
Magma Almudron,Head 1,80,50,85,50,50,50,0,1,28,1.1,20,1.1,10,1,5,1,100
Magma Almudron,Head 2,60,50,65,50,45,0,0,1,20,1.1,20,1.1,10,1,5,1,100
Magma Almudron,Back 0,25,0,30,0,20,0,0,1,15,1,10,1,5,1,5,1,0
Magma Almudron,Abdomen 0,40,0,40,0,25,0,0,1,20,1.1,15,1,5,1,5,1,0
Magma Almudron,Foreleg 0,40,0,40,0,40,0,0,1,15,1,10,1,5,1,5,1,0
Magma Almudron,Foreleg 1,50,50,50,50,45,0,0,1,20,1.1,15,1,5,1,5,1,0
Magma Almudron,Foreleg 2,70,50,70,50,60,50,0,1,25,1.1,15,1,0,1,0,1,0
Magma Almudron,Foreleg 3,75,50,75,50,60,50,0,1,25,1.1,15,1,0,1,0,1,0
Magma Almudron,Hind Leg 0,21,0,23,0,20,0,0,1,10,1,10,1,5,1,5,1,0
Magma Almudron,Hind Leg 1,70,50,70,50,45,0,0,1,20,1.1,15,1,5,1,5,1,0
Magma Almudron,Tail Base 0,24,0,24,0,15,0,0,1,25,1.1,20,1.1,10,1,5,1,0
Magma Almudron,Tail Tip 0,50,50,45,0,25,0,0,1,25,1.1,20,1.1,15,1,15,1,0
Magma Almudron,Tail Tip 1,55,50,50,50,30,0,0,1,25,1.1,20,1.1,15,1,15,1,0
Magma Almudron,Large Mudbulb 0,25,0,30,0,20,0,0,1,0,1,0,1,0,1,0,1,0
Magnamalo,Head 0,55,50,55,50,30,0,0,1,15,1,5,1,10,1,0,1,100
Magnamalo,Torso 0,25,0,25,0,5,0,0,1,20,1.1,10,1,15,1,0,1,0
Magnamalo,Foreleg 0,38,0,38,0,20,0,0,1,20,1.1,5,1,15,1,0,1,0
Magnamalo,Hind Leg 0,38,0,38,0,20,0,0,1,25,1.1,5,1,20,1.1,0,1,0
Magnamalo,Tail 0,43,0,30,0,10,0,0,1,15,1,5,1,10,1,0,1,0
Magnamalo,Back 0,30,0,43,0,15,0,0,1,15,1,5,1,10,1,0,1,0
Magnamalo,Armblade 0,45,0,45,0,45,0,0,1,10,1,5,1,10,1,0,1,0
Magnamalo,Tailblade 0,45,0,45,0,45,0,0,1,10,1,5,1,10,1,0,1,0
Magnamalo,Armblade (broken) 0,48,50,48,50,45,0,0,1,10,1,0,1,15,1,0,1,0
Magnamalo,Tailblade (broken) 0,63,50,63,50,50,50,0,1,5,1,5,1,10,1,0,1,0
Magnamalo,Head (broken) 0,60,50,60,50,45,0,0,1,10,1,5,1,15,1,0,1,100
Malzeno,Head 0,46,50,48,50,45,0,15,1,0,1,15,1,0,1,25,1.1,100
Malzeno,Head 1,55,50,58,50,30,0,15,1,0,1,20,1.1,0,1,30,1.1,100
Malzeno,Torso 0,32,0,30,0,15,0,10,1,0,1,5,1,0,1,15,1,0
Malzeno,Foreleg 0,45,0,40,0,30,0,10,1,0,1,5,1,0,1,20,1.1,0
Malzeno,Foreleg 1,58,50,55,50,45,0,15,1,0,1,5,1,0,1,25,1.1,0
Malzeno,Hind Leg 0,30,0,28,0,5,0,10,1,0,1,5,1,0,1,15,1,0
Malzeno,Wing 0,28,0,28,0,5,0,10,1,0,1,5,1,0,1,15,1,0
Malzeno,Tail 0,35,0,32,0,10,0,10,1,0,1,5,1,0,1,15,1,0
Malzeno,Tail Tip 0,26,0,22,0,10,0,10,1,0,1,5,1,0,1,15,1,0
Malzeno,Tail Tip 1,50,50,48,50,40,0,10,1,0,1,5,1,0,1,15,1,0
Mizutsune,Head 0,63,50,63,50,45,0,5,1,0,1,5,1,10,1,8,1,100
Mizutsune,Head 1,63,50,63,50,45,0,10,1,0,1,5,1,15,1,10,1,100
Mizutsune,Head 2,63,50,63,50,45,0,5,1,0,1,5,1,10,1,8,1,100
Mizutsune,Head 3,73,50,73,50,55,50,5,1,0,1,5,1,15,1,8,1,100
Mizutsune,Head 4,73,50,73,50,55,50,5,1,0,1,5,1,20,1.1,10,1,100
Mizutsune,Neck 0,43,0,43,0,40,0,8,1,0,1,5,1,10,1,8,1,0
Mizutsune,Neck 1,43,0,43,0,40,0,8,1,0,1,5,1,10,1,8,1,0
Mizutsune,Neck 2,43,0,43,0,40,0,8,1,0,1,5,1,10,1,8,1,0
Mizutsune,Neck 3,53,50,53,50,50,50,5,1,0,1,5,1,15,1,8,1,0
Mizutsune,Neck 4,53,50,53,50,50,50,5,1,0,1,5,1,15,1,8,1,0
Mizutsune,Left Claw 0,24,0,24,0,10,0,5,1,0,1,15,1,30,1.1,30,1.1,0
Mizutsune,Left Claw 1,24,0,24,0,10,0,5,1,0,1,15,1,30,1.1,30,1.1,0
Mizutsune,Left Claw 2,28,0,28,0,10,0,5,1,0,1,15,1,30,1.1,30,1.1,0
Mizutsune,Left Claw 3,29,0,29,0,15,0,5,1,0,1,15,1,30,1.1,30,1.1,0
Mizutsune,Left Claw 4,29,0,29,0,15,0,5,1,0,1,15,1,30,1.1,30,1.1,0
Mizutsune,Foreleg 0,28,0,28,0,10,0,5,1,0,1,15,1,25,1.1,30,1.1,0
Mizutsune,Foreleg 1,28,0,28,0,10,0,5,1,0,1,15,1,25,1.1,30,1.1,0
Mizutsune,Foreleg 2,28,0,28,0,10,0,5,1,0,1,15,1,25,1.1,30,1.1,0
Mizutsune,Foreleg 3,33,0,33,0,15,0,5,1,0,1,15,1,25,1.1,30,1.1,0
Mizutsune,Foreleg 4,33,0,33,0,15,0,5,1,0,1,15,1,25,1.1,30,1.1,0
Mizutsune,Hind Leg 0,38,0,38,0,25,0,5,1,0,1,5,1,10,1,5,1,0
Mizutsune,Hind Leg 1,38,0,38,0,25,0,10,1,0,1,5,1,15,1,5,1,0
Mizutsune,Hind Leg 2,38,0,38,0,25,0,5,1,0,1,5,1,10,1,5,1,0
Mizutsune,Hind Leg 3,43,0,43,0,30,0,5,1,0,1,5,1,15,1,5,1,0
Mizutsune,Hind Leg 4,43,0,43,0,30,0,5,1,0,1,5,1,20,1.1,5,1,0
Mizutsune,Body 0,25,0,25,0,20,0,5,1,0,1,5,1,10,1,5,1,0
Mizutsune,Body 1,25,0,25,0,20,0,5,1,0,1,5,1,15,1,5,1,0
Mizutsune,Body 2,25,0,25,0,20,0,5,1,0,1,5,1,10,1,5,1,0
Mizutsune,Body 3,30,0,30,0,25,0,5,1,0,1,5,1,15,1,5,1,0
Mizutsune,Body 4,30,0,30,0,25,0,5,1,0,1,5,1,20,1.1,5,1,0
Mizutsune,Tail 0,43,0,33,0,40,0,5,1,0,1,5,1,10,1,5,1,0
Mizutsune,Tail 1,43,0,33,0,40,0,5,1,0,1,5,1,15,1,5,1,0
Mizutsune,Tail 2,43,0,33,0,40,0,5,1,0,1,5,1,10,1,5,1,0
Mizutsune,Tail 3,53,50,43,0,50,50,5,1,0,1,5,1,10,1,5,1,0
Mizutsune,Tail 4,53,50,43,0,50,50,5,1,0,1,5,1,15,1,5,1,0
Mizutsune,Dorsal Fin 0,43,0,43,0,45,0,8,1,0,1,5,1,15,1,10,1,0
Mizutsune,Dorsal Fin 1,43,0,43,0,45,0,10,1,0,1,5,1,20,1.1,15,1,0
Mizutsune,Dorsal Fin 2,43,0,43,0,45,0,8,1,0,1,5,1,15,1,10,1,0
Mizutsune,Dorsal Fin 3,48,50,48,50,50,50,5,1,0,1,5,1,20,1.1,10,1,0
Mizutsune,Dorsal Fin 4,48,50,48,50,50,50,5,1,0,1,5,1,25,1.1,15,1,0
Mizutsune,Right Claw 0,24,0,24,0,10,0,5,1,0,1,15,1,30,1.1,30,1.1,0
Mizutsune,Right Claw 1,24,0,24,0,10,0,5,1,0,1,15,1,30,1.1,30,1.1,0
Mizutsune,Right Claw 2,28,0,28,0,10,0,5,1,0,1,15,1,30,1.1,30,1.1,0
Mizutsune,Right Claw 3,29,0,29,0,15,0,5,1,0,1,15,1,30,1.1,30,1.1,0
Mizutsune,Right Claw 4,29,0,29,0,15,0,5,1,0,1,15,1,30,1.1,30,1.1,0
Nargacuga,Head 0,65,50,70,50,40,0,15,1,0,1,10,1,25,1.1,10,1,100
Nargacuga,Head 1,67,50,72,50,42,0,20,1.1,10,1,15,1,30,1.1,15,1,100
Nargacuga,Neck/Back 0,30,0,30,0,35,0,10,1,0,1,5,1,15,1,5,1,0
Nargacuga,Abdomen 0,40,0,40,0,30,0,10,1,0,1,5,1,20,1.1,5,1,0
Nargacuga,Cutwing 0,21,0,24,0,21,0,25,1.1,5,1,10,1,35,1.1,15,1,0
Nargacuga,Foreleg 0,43,0,43,0,35,0,10,1,0,1,0,1,20,1.1,5,1,0
Nargacuga,Hind Leg 0,30,0,30,0,25,0,10,1,0,1,5,1,15,1,5,1,0
Nargacuga,Tail 0,46,50,40,0,45,0,10,1,0,1,5,1,25,1.1,5,1,0
Nargacuga,Tail 1,55,50,35,0,40,0,10,1,0,1,0,1,15,1,5,1,0
Nargacuga,Tail Tip 0,40,0,35,0,40,0,10,1,0,1,5,1,20,1.1,5,1,0
Nargacuga,Tail Tip 1,45,0,36,0,42,0,15,1,5,1,10,1,30,1.1,10,1,0
Narwa the Allmother,Head 0,40,0,42,0,5,0,5,1,5,1,5,1,0,1,10,1,100
Narwa the Allmother,Head 1,90,50,92,50,43,0,5,1,5,1,10,1,0,1,15,1,100
Narwa the Allmother,Neck 0,40,0,42,0,3,0,0,1,0,1,5,1,0,1,0,1,100
Narwa the Allmother,Back (Charged) 0,25,0,30,0,5,0,0,1,5,1,5,1,0,1,10,1,0
Narwa the Allmother,Back (Charged) 1,60,50,50,50,15,0,5,1,5,1,10,1,0,1,15,1,0
Narwa the Allmother,Torso 0,40,0,42,0,5,0,0,1,0,1,0,1,0,1,5,1,0
Narwa the Allmother,Wingarm 0,35,0,30,0,5,0,0,1,5,1,5,1,0,1,10,1,0
Narwa the Allmother,Wingarm (Charged) 0,44,0,40,0,15,0,0,1,0,1,5,1,0,1,5,1,0
Narwa the Allmother,Wingarm (Charged) 1,92,50,88,50,47,50,5,1,5,1,10,1,0,1,20,1.1,0
Narwa the Allmother,Leg Fin 0,30,0,35,0,1,0,0,1,0,1,0,1,0,1,5,1,0
Narwa the Allmother,Tail 0,40,0,35,0,5,0,0,1,0,1,5,1,0,1,10,1,0
Narwa the Allmother,Tail Tip (Charged) 0,35,0,40,0,15,0,0,1,0,1,5,1,0,1,10,1,0
Narwa the Allmother,Tail Tip (Charged) 1,95,50,90,50,45,0,0,1,0,1,5,1,0,1,15,1,0
Narwa the Allmother,Chest (Charged) 0,35,0,35,0,2,0,0,1,0,1,5,1,0,1,10,1,0
Narwa the Allmother,Chest (Charged) 1,70,50,65,50,15,0,0,1,5,1,10,1,0,1,15,1,0
Narwa the Allmother,Abdomen (Thundersac) 0,30,0,30,0,5,0,0,1,0,1,0,1,0,1,0,1,0
Narwa the Allmother,Abdomen (Thundersac) 1,100,50,100,50,55,50,5,1,5,1,20,1.1,0,1,25,1.1,0
Pukei Pukei,Tongue 0,95,50,90,50,85,50,15,1,0,1,20,1.1,30,1.1,10,1,100
Pukei Pukei,Head 0,75,50,80,50,70,50,15,1,0,1,20,1.1,30,1.1,10,1,100
Pukei Pukei,Neck 0,40,0,35,0,30,0,5,1,0,1,10,1,20,1.1,5,1,0
Pukei Pukei,Torso 0,35,0,35,0,30,0,0,1,0,1,5,1,15,1,5,1,0
Pukei Pukei,Wing 0,50,50,45,0,40,0,10,1,0,1,15,1,25,1.1,5,1,0
Pukei Pukei,Leg 0,45,0,45,0,40,0,0,1,0,1,5,1,15,1,0,1,0
Pukei Pukei,Tail 0,55,50,50,50,45,0,10,1,0,1,15,1,25,1.1,5,1,0
Pyre Rakna Kadaki,Head 0,55,50,65,50,45,0,0,1,25,1.1,15,1,0,1,0,1,100
Pyre Rakna Kadaki,Claw 0,20,0,20,0,5,0,0,1,30,1.1,15,1,0,1,0,1,0
Pyre Rakna Kadaki,Claw 1st Break 0,25,0,25,0,15,0,0,1,10,1,5,1,0,1,0,1,0
Pyre Rakna Kadaki,Claw 2nd Break 0,30,0,43,0,20,0,0,1,20,1.1,5,1,0,1,0,1,0
Pyre Rakna Kadaki,Chest 0,25,0,25,0,5,0,0,1,10,1,5,1,0,1,0,1,0
Pyre Rakna Kadaki,Leg (Thread) 0,45,0,45,0,30,0,0,1,20,1.1,10,1,0,1,0,1,0
Pyre Rakna Kadaki,Abdomen 0,38,0,43,0,10,0,0,1,10,1,5,1,0,1,0,1,0
Pyre Rakna Kadaki,Abdomen (Cocooned) 0,50,50,50,50,45,0,0,1,25,1.1,15,1,0,1,0,1,0
Pyre Rakna Kadaki,Leg 0,30,0,30,0,10,0,0,1,10,1,5,1,0,1,0,1,0
Pyre Rakna Kadaki,Leg (Thread) 0,45,0,45,0,45,0,0,1,10,1,5,1,0,1,0,1,0
Rajang,Head 0,65,50,67,50,55,50,0,1,5,1,30,1.1,0,1,0,1,100
Rajang,Torso 0,45,0,45,0,35,0,0,1,5,1,15,1,0,1,0,1,0
Rajang,Foreleg 0,45,0,45,0,40,0,0,1,5,1,15,1,0,1,0,1,0
Rajang,Foreleg 1,10,0,10,0,5,0,0,1,5,1,15,1,0,1,0,1,0
Rajang,Hind Leg 0,35,0,35,0,15,0,0,1,5,1,15,1,0,1,0,1,0
Rajang,Tail 0,35,0,32,0,25,0,0,1,5,1,15,1,0,1,0,1,0
Rajang,Tail 1,65,50,65,50,55,50,0,1,5,1,25,1.1,0,1,0,1,0
Rakna Kadaki,Head 0,60,50,70,50,45,0,0,1,10,1,20,1.1,0,1,0,1,100
Rakna Kadaki,Claw 0,20,0,20,0,10,0,0,1,15,1,30,1.1,0,1,0,1,0
Rakna Kadaki,Claw 1st Break 0,25,0,25,0,15,0,0,1,5,1,10,1,0,1,0,1,0
Rakna Kadaki,Claw 2nd Break 0,30,0,43,0,20,0,0,1,5,1,20,1.1,0,1,0,1,0
Rakna Kadaki,Chest 0,25,0,25,0,10,0,0,1,5,1,5,1,0,1,0,1,0
Rakna Kadaki,Leg (Thread) 0,43,0,43,0,35,0,0,1,0,1,5,1,0,1,0,1,0
Rakna Kadaki,Abdomen 0,35,0,35,0,15,0,0,1,5,1,10,1,0,1,0,1,0
Rakna Kadaki,Abdomen (Cocooned) 0,50,50,50,50,28,0,0,1,0,1,5,1,0,1,0,1,0
Rakna Kadaki,Abdomen (Cocooned) 1,50,50,50,50,45,0,0,1,0,1,5,1,0,1,0,1,0
Rakna Kadaki,Leg 0,25,0,25,0,15,0,0,1,5,1,15,1,0,1,0,1,0
Rathalos,Head 0,65,50,70,50,60,50,0,1,15,1,15,1,20,1.1,30,1.1,100
Rathalos,Neck 0,35,0,40,0,30,0,0,1,5,1,5,1,10,1,20,1.1,0
Rathalos,Back 0,25,0,25,0,20,0,0,1,5,1,5,1,10,1,20,1.1,0
Rathalos,Abdomen 0,25,0,25,0,20,0,0,1,5,1,5,1,10,1,20,1.1,0
Rathalos,Tail 0,45,0,40,0,35,0,0,1,5,1,5,1,10,1,20,1.1,0
Rathalos,Wing 0,50,50,45,0,40,0,0,1,10,1,10,1,15,1,25,1.1,0
Rathalos,Leg 0,35,0,35,0,30,0,0,1,0,1,0,1,5,1,15,1,0
Rathian,Head 0,70,50,75,50,65,50,0,1,15,1,15,1,20,1.1,30,1.1,100
Rathian,Neck 0,40,0,45,0,35,0,0,1,0,1,0,1,5,1,15,1,0
Rathian,Torso 0,35,0,30,0,25,0,0,1,5,1,5,1,10,1,20,1.1,0
Rathian,Back 0,35,0,30,0,25,0,0,1,5,1,5,1,10,1,20,1.1,0
Rathian,Wing 0,45,0,45,0,35,0,0,1,10,1,10,1,15,1,25,1.1,0
Rathian,Leg 0,40,0,40,0,35,0,0,1,0,1,0,1,5,1,15,1,0
Rathian,Tail 0,45,0,40,0,35,0,0,1,5,1,5,1,10,1,20,1.1,0
Risen Chameleos,Head 0,55,50,50,50,45,0,25,1.1,0,1,0,1,10,1,20,1.1,100
Risen Chameleos,Head 1,55,50,50,50,60,50,25,1.1,0,1,0,1,10,1,20,1.1,100
Risen Chameleos,Wing 0,22,0,22,0,20,0,20,1.1,0,1,0,1,10,1,15,1,0
Risen Chameleos,Wing 1,22,0,22,0,15,0,20,1.1,0,1,0,1,10,1,15,1,0
Risen Chameleos,Back 0,25,0,22,0,25,0,25,1.1,0,1,0,1,10,1,20,1.1,0
Risen Chameleos,Back 1,25,0,22,0,15,0,25,1.1,0,1,0,1,10,1,20,1.1,0
Risen Chameleos,Abdomen 0,25,0,30,0,22,0,20,1.1,5,1,0,1,10,1,15,1,0
Risen Chameleos,Abdomen 1,45,0,45,0,10,0,20,1.1,5,1,0,1,10,1,15,1,0
Risen Chameleos,Foreleg 0,45,0,45,0,20,0,20,1.1,0,1,0,1,10,1,10,1,0
Risen Chameleos,Foreleg 1,45,0,45,0,10,0,25,1.1,0,1,0,1,10,1,10,1,0
Risen Chameleos,Hind Leg 0,30,0,25,0,20,0,25,1.1,0,1,0,1,10,1,20,1.1,0
Risen Chameleos,Hind Leg 1,30,0,25,0,10,0,25,1.1,0,1,0,1,10,1,20,1.1,0
Risen Chameleos,Tail 0,35,0,22,0,45,0,10,1,0,1,0,1,10,1,5,1,0
Risen Chameleos,Tail 1,35,0,22,0,45,0,10,1,0,1,0,1,10,1,5,1,0
Risen Kushala Daora,Head 0,60,50,55,50,35,0,10,1,5,1,0,1,15,1,10,1,100
Risen Kushala Daora,Neck 0,40,0,35,0,25,0,10,1,5,1,0,1,15,1,5,1,0
Risen Kushala Daora,Abdomen 0,35,0,50,50,35,0,10,1,5,1,0,1,15,1,10,1,0
Risen Kushala Daora,Back 0,23,0,25,0,45,0,10,1,5,1,0,1,15,1,10,1,0
Risen Kushala Daora,Tail 0,35,0,30,0,35,0,10,1,5,1,0,1,20,1.1,15,1,0
Risen Kushala Daora,Foreleg 0,45,0,50,50,45,0,10,1,5,1,0,1,20,1.1,10,1,0
Risen Kushala Daora,Hind Leg 0,30,0,30,0,25,0,10,1,5,1,0,1,15,1,5,1,0
Risen Kushala Daora,Wing 0,23,0,23,0,20,0,10,1,5,1,0,1,20,1.1,15,1,0
Risen Shagaru Magala,Head 0,65,50,60,50,45,0,20,1.1,0,1,5,1,15,1,25,1.1,100
Risen Shagaru Magala,Neck 0,45,0,45,0,20,0,15,1,0,1,5,1,10,1,20,1.1,0
Risen Shagaru Magala,Torso 0,25,0,25,0,15,0,10,1,0,1,5,1,5,1,10,1,0
Risen Shagaru Magala,Wingclaw 0,22,0,25,0,20,0,25,1.1,0,1,5,1,15,1,30,1.1,0
Risen Shagaru Magala,Wingclaw 1,36,0,36,0,25,0,15,1,0,1,5,1,10,1,20,1.1,0
Risen Shagaru Magala,Foreleg 0,40,0,40,0,30,0,10,1,0,1,5,1,5,1,10,1,0
Risen Shagaru Magala,Hind Leg 0,36,0,36,0,30,0,10,1,0,1,5,1,5,1,10,1,0
Risen Shagaru Magala,Wing 0,26,0,26,0,10,0,10,1,0,1,5,1,10,1,15,1,0
Risen Shagaru Magala,Tail 0,36,0,36,0,25,0,10,1,0,1,5,1,10,1,15,1,0
Risen Teostra,Head 0,50,50,55,50,45,0,0,1,20,1.1,15,1,10,1,10,1,100
Risen Teostra,Head 1,50,50,55,50,45,0,0,1,20,1.1,15,1,10,1,10,1,100
Risen Teostra,Head 2,50,50,55,50,45,0,0,1,15,1,20,1.1,10,1,10,1,100
Risen Teostra,Neck 0,33,0,38,0,5,0,0,1,10,1,10,1,5,1,5,1,0
Risen Teostra,Neck 1,33,0,38,0,5,0,0,1,10,1,10,1,5,1,5,1,0
Risen Teostra,Neck 2,33,0,38,0,5,0,0,1,10,1,10,1,5,1,5,1,0
Risen Teostra,Abdomen 0,24,0,24,0,10,0,0,1,5,1,5,1,0,1,0,1,0
Risen Teostra,Abdomen 1,24,0,24,0,10,0,0,1,5,1,5,1,0,1,0,1,0
Risen Teostra,Abdomen 2,24,0,24,0,10,0,0,1,5,1,5,1,0,1,0,1,0
Risen Teostra,Back 0,24,0,24,0,5,0,0,1,5,1,5,1,0,1,0,1,0
Risen Teostra,Back 1,24,0,24,0,5,0,0,1,5,1,5,1,0,1,0,1,0
Risen Teostra,Back 2,24,0,24,0,5,0,0,1,5,1,5,1,0,1,0,1,0
Risen Teostra,Foreleg 0,38,0,38,0,15,0,0,1,25,1.1,20,1.1,10,1,10,1,0
Risen Teostra,Foreleg 1,38,0,38,0,15,0,0,1,25,1.1,20,1.1,10,1,10,1,0
Risen Teostra,Foreleg 2,38,0,38,0,15,0,0,1,20,1.1,25,1.1,10,1,10,1,0
Risen Teostra,Hind Leg 0,30,0,25,0,20,0,0,1,15,1,10,1,5,1,5,1,0
Risen Teostra,Hind Leg 1,30,0,25,0,20,0,0,1,15,1,10,1,5,1,5,1,0
Risen Teostra,Hind Leg 2,30,0,25,0,20,0,0,1,10,1,15,1,5,1,5,1,0
Risen Teostra,Wing 0,40,0,35,0,15,0,0,1,10,1,5,1,0,1,0,1,0
Risen Teostra,Wing 1,40,0,35,0,15,0,0,1,10,1,5,1,0,1,0,1,0
Risen Teostra,Wing 2,40,0,35,0,15,0,0,1,5,1,10,1,0,1,0,1,0
Risen Teostra,Tail 0,43,0,33,0,38,0,0,1,20,1.1,15,1,5,1,5,1,0
Risen Teostra,Tail 1,43,0,33,0,38,0,0,1,20,1.1,15,1,5,1,5,1,0
Risen Teostra,Tail 2,43,0,33,0,38,0,0,1,15,1,20,1.1,5,1,5,1,0
Risen Crimsonglow Valstrax,Head 0,55,50,60,50,35,0,25,1.1,25,1.1,25,1.1,25,1.1,0,1,100
Risen Crimsonglow Valstrax,Head 1,55,50,60,50,35,0,25,1.1,25,1.1,25,1.1,25,1.1,0,1,100
Risen Crimsonglow Valstrax,Head 2,57,50,62,50,35,0,0,1,0,1,0,1,0,1,0,1,100
Risen Crimsonglow Valstrax,Head 3,57,50,62,50,35,0,0,1,0,1,0,1,0,1,0,1,100
Risen Crimsonglow Valstrax,Neck 0,40,0,30,0,15,0,25,1.1,25,1.1,25,1.1,25,1.1,0,1,0
Risen Crimsonglow Valstrax,Neck 1,40,0,30,0,15,0,25,1.1,25,1.1,25,1.1,25,1.1,0,1,0
Risen Crimsonglow Valstrax,Neck 2,40,0,30,0,20,0,0,1,0,1,0,1,0,1,0,1,0
Risen Crimsonglow Valstrax,Neck 3,40,0,30,0,20,0,0,1,0,1,0,1,0,1,0,1,0
Risen Crimsonglow Valstrax,Body 0,30,0,25,0,10,0,20,1.1,20,1.1,20,1.1,20,1.1,0,1,0
Risen Crimsonglow Valstrax,Body 1,30,0,25,0,10,0,20,1.1,20,1.1,20,1.1,20,1.1,0,1,0
Risen Crimsonglow Valstrax,Body 2,30,0,25,0,10,0,0,1,0,1,0,1,0,1,0,1,0
Risen Crimsonglow Valstrax,Body 3,30,0,25,0,10,0,0,1,0,1,0,1,0,1,0,1,0
Risen Crimsonglow Valstrax,Wingarm 0,45,0,45,0,45,0,15,1,15,1,15,1,15,1,0,1,0
Risen Crimsonglow Valstrax,Wingarm 1,45,0,45,0,45,0,15,1,15,1,15,1,15,1,0,1,0
Risen Crimsonglow Valstrax,Wingarm 2,45,0,45,0,45,0,15,1,15,1,15,1,15,1,0,1,0
Risen Crimsonglow Valstrax,Wingarm 3,45,0,45,0,45,0,15,1,15,1,15,1,15,1,0,1,0
Risen Crimsonglow Valstrax,Foreleg 0,25,0,24,0,25,0,25,1.1,25,1.1,25,1.1,25,1.1,0,1,0
Risen Crimsonglow Valstrax,Foreleg 1,25,0,24,0,25,0,25,1.1,25,1.1,25,1.1,25,1.1,0,1,0
Risen Crimsonglow Valstrax,Foreleg 2,25,0,24,0,25,0,25,1.1,25,1.1,25,1.1,25,1.1,0,1,0
Risen Crimsonglow Valstrax,Foreleg 3,25,0,24,0,25,0,25,1.1,25,1.1,25,1.1,25,1.1,0,1,0
Risen Crimsonglow Valstrax,Hind Leg 0,25,0,24,0,20,0,15,1,15,1,15,1,15,1,0,1,0
Risen Crimsonglow Valstrax,Hind Leg 1,25,0,24,0,20,0,15,1,15,1,15,1,15,1,0,1,0
Risen Crimsonglow Valstrax,Hind Leg 2,25,0,24,0,40,0,0,1,0,1,0,1,0,1,0,1,0
Risen Crimsonglow Valstrax,Hind Leg 3,25,0,24,0,40,0,0,1,0,1,0,1,0,1,0,1,0
Risen Crimsonglow Valstrax,Wing 0,22,0,45,0,10,0,25,1.1,25,1.1,25,1.1,25,1.1,0,1,0
Risen Crimsonglow Valstrax,Wing 1,64,50,70,50,45,0,0,1,0,1,0,1,0,1,0,1,0
Risen Crimsonglow Valstrax,Wing 2,22,0,45,0,10,0,0,1,0,1,0,1,0,1,0,1,0
Risen Crimsonglow Valstrax,Wing 3,64,50,70,50,45,0,0,1,0,1,0,1,0,1,0,1,0
Risen Crimsonglow Valstrax,Tail 0,45,0,24,0,20,0,20,1.1,20,1.1,20,1.1,20,1.1,0,1,0
Risen Crimsonglow Valstrax,Tail 1,45,0,24,0,20,0,20,1.1,20,1.1,20,1.1,20,1.1,0,1,0
Risen Crimsonglow Valstrax,Tail 2,45,0,24,0,20,0,0,1,0,1,0,1,0,1,0,1,0
Risen Crimsonglow Valstrax,Tail 3,45,0,24,0,20,0,0,1,0,1,0,1,0,1,0,1,0
Risen Crimsonglow Valstrax,Chest (Windsac) 0,80,50,90,50,50,50,15,1,25,1.1,25,1.1,20,1.1,0,1,0
Risen Crimsonglow Valstrax,Chest (Windsac) 1,80,50,90,50,50,50,15,1,25,1.1,25,1.1,20,1.1,0,1,0
Risen Crimsonglow Valstrax,Chest (Windsac) 2,80,50,90,50,50,50,15,1,25,1.1,25,1.1,20,1.1,0,1,0
Risen Crimsonglow Valstrax,Chest (Windsac) 3,80,50,90,50,50,50,15,1,25,1.1,25,1.1,20,1.1,0,1,0
Risen Crimsonglow Valstrax,Chest 0,30,0,25,0,10,0,20,1.1,20,1.1,20,1.1,20,1.1,0,1,0
Risen Crimsonglow Valstrax,Chest 1,30,0,25,0,10,0,20,1.1,20,1.1,20,1.1,20,1.1,0,1,0
Risen Crimsonglow Valstrax,Chest 2,30,0,25,0,10,0,0,1,0,1,0,1,0,1,0,1,0
Risen Crimsonglow Valstrax,Chest 3,30,0,25,0,10,0,0,1,0,1,0,1,0,1,0,1,0
Royal Ludroth,Head 0,50,50,55,50,65,50,30,1.1,0,1,5,1,5,1,5,1,100
Royal Ludroth,Abdomen 0,50,50,40,0,35,0,30,1.1,0,1,10,1,10,1,0,1,0
Royal Ludroth,Mane 0,65,50,50,50,35,0,30,1.1,0,1,10,1,15,1,0,1,0
Royal Ludroth,Mane 1,65,50,50,50,35,0,30,1.1,0,1,10,1,15,1,0,1,0
Royal Ludroth,Back 0,30,0,45,0,35,0,30,1.1,0,1,5,1,10,1,5,1,0
Royal Ludroth,Foreleg 0,24,0,40,0,25,0,20,1.1,0,1,10,1,10,1,0,1,0
Royal Ludroth,Hind Leg 0,30,0,24,0,30,0,20,1.1,0,1,5,1,10,1,0,1,0
Royal Ludroth,Tail 0,40,0,30,0,40,0,25,1.1,0,1,5,1,5,1,0,1,0
Scorned Magnamalo,Head 0,50,50,55,50,45,0,0,1,15,1,5,1,10,1,0,1,100
Scorned Magnamalo,Head 1,55,50,60,50,30,0,0,1,15,1,5,1,10,1,0,1,100
Scorned Magnamalo,Upper Half 0,35,0,35,0,10,0,0,1,20,1.1,10,1,15,1,0,1,0
Scorned Magnamalo,Upper Half 1,25,0,25,0,5,0,0,1,15,1,10,1,10,1,0,1,0
Scorned Magnamalo,Lower Neck 0,35,0,35,0,10,0,0,1,20,1.1,10,1,15,1,0,1,0
Scorned Magnamalo,Lower Neck 1,25,0,25,0,5,0,0,1,15,1,10,1,10,1,0,1,0
Scorned Magnamalo,Foreleg 0,45,0,45,0,30,0,0,1,20,1.1,5,1,15,1,0,1,0
Scorned Magnamalo,Foreleg 1,65,50,65,50,30,0,0,1,10,1,5,1,15,1,0,1,0
Scorned Magnamalo,Foreleg 2,65,50,65,50,30,0,0,1,10,1,5,1,15,1,0,1,0
Scorned Magnamalo,Hind Leg 0,38,0,38,0,30,0,0,1,25,1.1,5,1,20,1.1,0,1,0
Scorned Magnamalo,Hind Leg 1,30,0,30,0,20,0,0,1,20,1.1,5,1,25,1.1,0,1,0
Scorned Magnamalo,Back 0,43,0,30,0,10,0,0,1,15,1,5,1,10,1,0,1,0
Scorned Magnamalo,Back 1,38,0,25,0,10,0,0,1,10,1,5,1,15,1,0,1,0
Scorned Magnamalo,Back 2,75,50,65,50,55,50,0,1,15,1,0,1,20,1.1,0,1,0
Scorned Magnamalo,Tailblade 0,45,0,45,0,45,0,0,1,10,1,5,1,10,1,0,1,0
Scorned Magnamalo,Tailblade 1,75,50,75,50,50,50,0,1,10,1,0,1,15,1,0,1,0
Scorned Magnamalo,Tailblade 2,75,50,75,50,50,50,0,1,10,1,0,1,15,1,0,1,0
Seething Bazelgeuse,Head 0,64,50,80,50,45,0,0,1,10,1,25,1.1,20,1.1,15,1,100
Seething Bazelgeuse,Head 1,64,50,80,50,45,0,0,1,10,1,25,1.1,20,1.1,15,1,100
Seething Bazelgeuse,Abdomen 0,45,0,45,0,25,0,0,1,5,1,15,1,10,1,5,1,0
Seething Bazelgeuse,Abdomen 1,45,0,45,0,25,0,0,1,5,1,15,1,10,1,5,1,0
Seething Bazelgeuse,Back 0,30,0,30,0,15,0,0,1,0,1,10,1,5,1,5,1,0
Seething Bazelgeuse,Back 1,30,0,30,0,15,0,0,1,0,1,10,1,5,1,5,1,0
Seething Bazelgeuse,Leg 0,36,0,34,0,25,0,0,1,5,1,15,1,10,1,5,1,0
Seething Bazelgeuse,Leg 1,36,0,34,0,25,0,0,1,5,1,15,1,10,1,5,1,0
Seething Bazelgeuse,Wing 0,44,0,44,0,35,0,0,1,5,1,15,1,10,1,5,1,0
Seething Bazelgeuse,Wing 1,44,0,44,0,35,0,0,1,5,1,15,1,10,1,5,1,0
Seething Bazelgeuse,Tail 0,70,50,65,50,55,50,0,1,5,1,25,1.1,15,1,10,1,0
Seething Bazelgeuse,Tail 1,70,50,65,50,55,50,0,1,5,1,25,1.1,15,1,10,1,0
Seregios,Head 0,55,50,60,50,45,0,0,1,10,1,15,1,20,1.1,5,1,100
Seregios,Neck 0,35,0,40,0,30,0,0,1,5,1,10,1,15,1,5,1,0
Seregios,Abdomen 0,35,0,35,0,25,0,0,1,5,1,5,1,10,1,5,1,0
Seregios,Back 0,30,0,30,0,20,0,0,1,5,1,5,1,10,1,5,1,0
Seregios,Wingarm 0,30,0,30,0,20,0,0,1,5,1,5,1,25,1.1,5,1,0
Seregios,Wing 0,35,0,35,0,25,0,0,1,5,1,10,1,20,1.1,5,1,0
Seregios,Leg 0,50,50,45,0,45,0,0,1,10,1,15,1,20,1.1,5,1,0
Seregios,Tail 0,40,0,35,0,35,0,0,1,5,1,10,1,15,1,5,1,0
Shagaru Magala,Head 0,65,50,60,50,45,0,20,1.1,0,1,5,1,15,1,25,1.1,100
Shagaru Magala,Neck 0,45,0,45,0,20,0,15,1,0,1,5,1,10,1,20,1.1,0
Shagaru Magala,Body 0,25,0,25,0,15,0,10,1,0,1,5,1,5,1,10,1,0
Shagaru Magala,Wingclaw 0,22,0,25,0,20,0,25,1.1,0,1,5,1,15,1,30,1.1,0
Shagaru Magala,Wingclaw 1,36,0,36,0,25,0,15,1,0,1,5,1,10,1,20,1.1,0
Shagaru Magala,Foreleg 0,40,0,40,0,30,0,10,1,0,1,5,1,5,1,10,1,0
Shagaru Magala,Hind Leg 0,36,0,36,0,30,0,10,1,0,1,5,1,5,1,10,1,0
Shagaru Magala,Wing 0,26,0,26,0,10,0,10,1,0,1,5,1,10,1,15,1,0
Shagaru Magala,Tail 0,36,0,36,0,25,0,10,1,0,1,5,1,10,1,15,1,0
Shogun Ceanataur,Head 0,50,50,45,0,45,0,10,1,10,1,20,1.1,35,1.1,0,1,100
Shogun Ceanataur,Body 0,35,0,35,0,25,0,15,1,5,1,10,1,20,1.1,0,1,0
Shogun Ceanataur,Shell 0,25,0,45,0,25,0,20,1.1,5,1,10,1,25,1.1,0,1,0
Shogun Ceanataur,Leg 0,35,0,30,0,30,0,15,1,5,1,10,1,15,1,0,1,0
Shogun Ceanataur,Claw 0,25,0,30,0,15,0,35,1.1,5,1,10,1,20,1.1,0,1,0
Shogun Ceanataur,Foreleg 0,25,0,35,0,25,0,15,1,5,1,10,1,15,1,0,1,0
Shogun Ceanataur,Weakness 0,45,0,50,50,35,0,10,1,10,1,15,1,20,1.1,0,1,0
Silver Rathalos,Head 0,22,0,22,0,15,0,0,1,10,1,5,1,5,1,0,1,100
Silver Rathalos,Head 1,55,50,60,50,45,0,0,1,15,1,10,1,15,1,0,1,100
Silver Rathalos,Head 2,55,50,60,50,45,0,0,1,25,1.1,10,1,20,1.1,0,1,100
Silver Rathalos,Head 3,65,50,70,50,50,50,0,1,30,1.1,20,1.1,25,1.1,0,1,100
Silver Rathalos,Neck 0,22,0,22,0,15,0,0,1,5,1,5,1,5,1,0,1,0
Silver Rathalos,Neck 1,40,0,40,0,30,0,0,1,10,1,5,1,10,1,0,1,0
Silver Rathalos,Neck 2,38,0,38,0,30,0,0,1,15,1,10,1,10,1,0,1,0
Silver Rathalos,Neck 3,45,0,45,0,35,0,0,1,25,1.1,10,1,20,1.1,0,1,0
Silver Rathalos,Back 0,22,0,22,0,20,0,0,1,20,1.1,5,1,15,1,0,1,0
Silver Rathalos,Abdomen 0,22,0,22,0,20,0,0,1,15,1,5,1,10,1,0,1,0
Silver Rathalos,Tail 0,22,0,22,0,45,0,0,1,10,1,5,1,5,1,0,1,0
Silver Rathalos,Wing 0,50,50,45,0,40,0,0,1,25,1.1,10,1,15,1,0,1,0
Silver Rathalos,Leg 0,38,0,38,0,32,0,0,1,10,1,5,1,10,1,0,1,0
Silver Rathalos,Tail Tip 0,55,50,50,50,45,0,0,1,10,1,5,1,10,1,0,1,0
Somnacanth,Head 0,65,50,55,50,45,0,15,1,0,1,0,1,25,1.1,0,1,100
Somnacanth,Neck 0,70,50,70,50,60,50,15,1,0,1,0,1,25,1.1,0,1,0
Somnacanth,Back 0,25,0,25,0,15,0,10,1,0,1,0,1,15,1,0,1,0
Somnacanth,Abdomen 0,30,0,40,0,20,0,10,1,0,1,0,1,15,1,0,1,0
Somnacanth,Tail 0,60,50,55,50,35,0,15,1,0,1,0,1,30,1.1,0,1,0
Somnacanth,Foreleg 0,45,0,45,0,35,0,5,1,0,1,0,1,15,1,0,1,0
Somnacanth,Leg 0,25,0,30,0,25,0,10,1,0,1,0,1,25,1.1,0,1,0
Somnacanth,Head Fin 0,40,0,40,0,20,0,0,1,0,1,0,1,15,1,0,1,25
Teostra,Head 0,50,50,55,50,45,0,0,1,20,1.1,15,1,10,1,10,1,100
Teostra,Head 1,50,50,55,50,45,0,0,1,20,1.1,15,1,10,1,10,1,100
Teostra,Head 2,50,50,55,50,45,0,0,1,15,1,20,1.1,10,1,10,1,100
Teostra,Neck 0,33,0,38,0,5,0,0,1,10,1,10,1,5,1,5,1,0
Teostra,Neck 1,33,0,38,0,5,0,0,1,10,1,10,1,5,1,5,1,0
Teostra,Neck 2,33,0,38,0,5,0,0,1,10,1,10,1,5,1,5,1,0
Teostra,Abdomen 0,24,0,24,0,10,0,0,1,5,1,5,1,0,1,0,1,0
Teostra,Abdomen 1,24,0,24,0,10,0,0,1,5,1,5,1,0,1,0,1,0
Teostra,Abdomen 2,24,0,24,0,10,0,0,1,5,1,5,1,0,1,0,1,0
Teostra,Back 0,24,0,24,0,5,0,0,1,5,1,5,1,0,1,0,1,0
Teostra,Back 1,24,0,24,0,5,0,0,1,5,1,5,1,0,1,0,1,0
Teostra,Back 2,24,0,24,0,5,0,0,1,5,1,5,1,0,1,0,1,0
Teostra,Foreleg 0,38,0,38,0,15,0,0,1,25,1.1,20,1.1,10,1,10,1,0
Teostra,Foreleg 1,38,0,38,0,15,0,0,1,25,1.1,20,1.1,10,1,10,1,0
Teostra,Foreleg 2,38,0,38,0,15,0,0,1,20,1.1,25,1.1,10,1,10,1,0
Teostra,Hind Leg 0,30,0,25,0,20,0,0,1,15,1,10,1,5,1,5,1,0
Teostra,Hind Leg 1,30,0,25,0,20,0,0,1,15,1,10,1,5,1,5,1,0
Teostra,Hind Leg 2,30,0,25,0,20,0,0,1,10,1,15,1,5,1,5,1,0
Teostra,Wing 0,40,0,35,0,15,0,0,1,10,1,5,1,0,1,0,1,0
Teostra,Wing 1,40,0,35,0,15,0,0,1,10,1,5,1,0,1,0,1,0
Teostra,Wing 2,40,0,35,0,15,0,0,1,5,1,10,1,0,1,0,1,0
Teostra,Tail 0,43,0,33,0,38,0,0,1,20,1.1,15,1,5,1,5,1,0
Teostra,Tail 1,43,0,33,0,38,0,0,1,20,1.1,15,1,5,1,5,1,0
Teostra,Tail 2,43,0,33,0,38,0,0,1,15,1,20,1.1,5,1,5,1,0
Tetranadon,Head 0,65,50,70,50,60,50,20,1.1,0,1,15,1,30,1.1,10,1,100
Tetranadon,Neck 0,50,50,55,50,40,0,10,1,0,1,5,1,20,1.1,5,1,0
Tetranadon,Body 0,40,0,40,0,30,0,10,1,0,1,5,1,20,1.1,0,1,0
Tetranadon,Body 1,45,0,45,0,35,0,20,1.1,0,1,10,1,30,1.1,10,1,0
Tetranadon,Back 0,25,0,35,0,25,0,5,1,0,1,5,1,10,1,0,1,0
Tetranadon,Foreleg 0,50,50,45,0,40,0,15,1,0,1,10,1,25,1.1,5,1,0
Tetranadon,Hind Leg 0,35,0,30,0,25,0,5,1,0,1,0,1,15,1,0,1,0
Tetranadon,Tail 0,30,0,30,0,25,0,5,1,0,1,0,1,15,1,0,1,0
Thunder Serpent Narwa,Head 0,55,50,50,50,5,0,5,1,5,1,10,1,0,1,15,1,100
Thunder Serpent Narwa,Head 1,70,50,75,50,45,0,5,1,5,1,15,1,0,1,20,1.1,100
Thunder Serpent Narwa,Neck 0,35,0,30,0,10,0,0,1,0,1,5,1,0,1,0,1,100
Thunder Serpent Narwa,Back (Charged) 0,25,0,30,0,15,0,0,1,5,1,5,1,0,1,10,1,0
Thunder Serpent Narwa,Back (Charged) 1,50,50,45,0,35,0,5,1,5,1,10,1,0,1,15,1,0
Thunder Serpent Narwa,Torso 0,20,0,25,0,5,0,0,1,0,1,0,1,0,1,5,1,0
Thunder Serpent Narwa,Wingarm 0,35,0,30,0,10,0,0,1,5,1,5,1,0,1,10,1,0
Thunder Serpent Narwa,Wingarm (Charged) 0,45,0,45,0,15,0,0,1,0,1,5,1,0,1,5,1,0
Thunder Serpent Narwa,Wingarm (Charged) 1,70,50,65,50,45,0,5,1,5,1,10,1,0,1,20,1.1,0
Thunder Serpent Narwa,Leg Fin 0,20,0,20,0,5,0,0,1,0,1,0,1,0,1,5,1,0
Thunder Serpent Narwa,Tail 0,30,0,30,0,10,0,0,1,0,1,5,1,0,1,10,1,0
Thunder Serpent Narwa,Tail Tip (Charged) 0,35,0,40,0,15,0,0,1,0,1,5,1,0,1,10,1,0
Thunder Serpent Narwa,Tail Tip (Charged) 1,70,50,65,50,35,0,0,1,0,1,5,1,0,1,15,1,0
Thunder Serpent Narwa,Chest (Charged) 0,35,0,35,0,15,0,0,1,0,1,5,1,0,1,10,1,0
Thunder Serpent Narwa,Chest (Charged) 1,55,50,50,50,35,0,0,1,5,1,10,1,0,1,15,1,0
Thunder Serpent Narwa,Abdomen (Thundersac) 0,25,0,25,0,5,0,0,1,0,1,0,1,0,1,0,1,0
Thunder Serpent Narwa,Abdomen (Thundersac) 1,90,50,90,50,55,50,5,1,5,1,20,1.1,0,1,25,1.1,0
Tigrex,Head 0,65,50,70,50,55,50,0,1,10,1,5,1,25,1.1,15,1,100
Tigrex,Back 0,25,0,25,0,20,0,0,1,5,1,5,1,15,1,15,1,0
Tigrex,Abdomen 0,30,0,30,0,20,0,10,1,10,1,5,1,15,1,15,1,0
Tigrex,Foreleg 0,50,50,45,0,35,0,0,1,15,1,10,1,20,1.1,5,1,0
Tigrex,Leg 0,30,0,30,0,25,0,0,1,5,1,0,1,15,1,10,1,0
Tigrex,Tail Base 0,40,0,35,0,30,0,0,1,5,1,0,1,10,1,5,1,0
Tigrex,Tail Tip 0,45,0,35,0,30,0,0,1,5,1,0,1,10,1,15,1,0
Tobi Kadachi,Head 0,48,50,48,50,45,0,20,1.1,30,1.1,10,1,0,1,5,1,100
Tobi Kadachi,Neck 0,48,50,48,50,45,0,10,1,20,1.1,10,1,0,1,5,1,50
Tobi Kadachi,Torso 0,45,0,45,0,35,0,5,1,15,1,5,1,0,1,0,1,0
Tobi Kadachi,Back 0,45,0,45,0,48,50,5,1,15,1,5,1,0,1,0,1,0
Tobi Kadachi,Foreleg 0,35,0,35,0,15,0,5,1,15,1,5,1,0,1,0,1,0
Tobi Kadachi,Hind Leg 0,30,0,30,0,10,0,20,1.1,30,1.1,20,1.1,0,1,15,1,0
Tobi Kadachi,Tail 0,65,50,65,50,55,50,15,1,20,1.1,15,1,0,1,10,1,0
Velkhana,Head 0,55,50,55,50,45,0,20,1.1,0,1,0,1,15,1,20,1.1,100
Velkhana,Neck 0,35,0,45,0,30,0,25,1.1,5,1,0,1,10,1,15,1,0
Velkhana,Body 0,30,0,30,0,25,0,30,1.1,10,1,0,1,5,1,10,1,0
Velkhana,Foreleg 0,45,0,40,0,30,0,30,1.1,10,1,0,1,5,1,10,1,0
Velkhana,Hind Leg 0,35,0,30,0,20,0,30,1.1,10,1,0,1,5,1,10,1,0
Velkhana,Wing 0,40,0,40,0,20,0,25,1.1,5,1,0,1,10,1,15,1,0
Velkhana,Tail 0,40,0,35,0,35,0,25,1.1,5,1,0,1,10,1,15,1,0
Violet Mizutsune,Head 0,63,50,63,50,40,0,0,1,5,1,10,1,8,1,3,1,100
Violet Mizutsune,Head 1,63,50,63,50,40,0,0,1,5,1,15,1,10,1,3,1,100
Violet Mizutsune,Head 2,63,50,63,50,40,0,0,1,5,1,10,1,8,1,3,1,100
Violet Mizutsune,Head 3,63,50,63,50,40,0,0,1,5,1,10,1,8,1,3,1,100
Violet Mizutsune,Head 4,63,50,63,50,40,0,0,1,5,1,15,1,10,1,3,1,100
Violet Mizutsune,Neck 0,43,0,43,0,15,0,0,1,5,1,10,1,8,1,3,1,0
Violet Mizutsune,Neck 1,43,0,43,0,15,0,0,1,5,1,12,1,8,1,3,1,0
Violet Mizutsune,Neck 2,43,0,43,0,15,0,0,1,5,1,10,1,8,1,3,1,0
Violet Mizutsune,Neck 3,43,0,43,0,15,0,0,1,5,1,10,1,8,1,3,1,0
Violet Mizutsune,Neck 4,43,0,43,0,15,0,0,1,5,1,12,1,8,1,3,1,0
Violet Mizutsune,Left Claw 0,24,0,24,0,10,0,0,1,15,1,30,1.1,28,1.1,5,1,0
Violet Mizutsune,Left Claw 1,24,0,24,0,10,0,0,1,15,1,35,1.1,28,1.1,5,1,0
Violet Mizutsune,Left Claw 2,28,0,28,0,10,0,0,1,15,1,20,1.1,15,1,5,1,0
Violet Mizutsune,Left Claw 3,24,0,24,0,10,0,0,1,15,1,30,1.1,28,1.1,5,1,0
Violet Mizutsune,Left Claw 4,24,0,24,0,10,0,0,1,15,1,35,1.1,28,1.1,5,1,0
Violet Mizutsune,Foreleg 0,28,0,28,0,10,0,0,1,15,1,30,1.1,25,1.1,5,1,0
Violet Mizutsune,Foreleg 1,28,0,28,0,10,0,0,1,15,1,30,1.1,25,1.1,5,1,0
Violet Mizutsune,Foreleg 2,28,0,28,0,10,0,0,1,15,1,20,1.1,15,1,5,1,0
Violet Mizutsune,Foreleg 3,28,0,28,0,10,0,0,1,15,1,30,1.1,25,1.1,5,1,0
Violet Mizutsune,Foreleg 4,28,0,28,0,10,0,0,1,15,1,30,1.1,25,1.1,5,1,0
Violet Mizutsune,Hind Leg 0,38,0,38,0,25,0,0,1,5,1,15,1,8,1,3,1,0
Violet Mizutsune,Hind Leg 1,38,0,38,0,25,0,0,1,5,1,20,1.1,10,1,3,1,0
Violet Mizutsune,Hind Leg 2,38,0,38,0,25,0,0,1,5,1,15,1,8,1,3,1,0
Violet Mizutsune,Hind Leg 3,38,0,38,0,25,0,0,1,5,1,15,1,8,1,3,1,0
Violet Mizutsune,Hind Leg 4,38,0,38,0,25,0,0,1,5,1,20,1.1,10,1,3,1,0
Violet Mizutsune,Body 0,25,0,25,0,15,0,0,1,5,1,10,1,8,1,3,1,0
Violet Mizutsune,Body 1,25,0,25,0,15,0,0,1,5,1,15,1,10,1,3,1,0
Violet Mizutsune,Body 2,25,0,25,0,15,0,0,1,5,1,10,1,8,1,3,1,0
Violet Mizutsune,Body 3,25,0,25,0,15,0,0,1,5,1,10,1,8,1,3,1,0
Violet Mizutsune,Body 4,25,0,25,0,15,0,0,1,5,1,15,1,10,1,3,1,0
Violet Mizutsune,Tail 0,43,0,43,0,45,0,0,1,8,1,15,1,10,1,5,1,0
Violet Mizutsune,Tail 1,43,0,43,0,45,0,0,1,8,1,20,1.1,15,1,5,1,0
Violet Mizutsune,Tail 2,43,0,43,0,45,0,0,1,8,1,15,1,10,1,5,1,0
Violet Mizutsune,Tail 3,43,0,43,0,45,0,0,1,8,1,15,1,10,1,5,1,0
Violet Mizutsune,Tail 4,43,0,43,0,45,0,0,1,8,1,20,1.1,15,1,5,1,0
Violet Mizutsune,Dorsal Fin 0,43,0,43,0,25,0,0,1,8,1,20,1.1,10,1,5,1,0
Violet Mizutsune,Dorsal Fin 1,43,0,43,0,25,0,0,1,10,1,20,1.1,15,1,5,1,0
Violet Mizutsune,Dorsal Fin 2,43,0,43,0,25,0,0,1,8,1,20,1.1,10,1,5,1,0
Violet Mizutsune,Dorsal Fin 3,43,0,43,0,25,0,0,1,8,1,20,1.1,10,1,5,1,0
Violet Mizutsune,Dorsal Fin 4,43,0,43,0,25,0,0,1,10,1,20,1.1,15,1,5,1,0
Violet Mizutsune,Right Claw 0,24,0,24,0,10,0,0,1,15,1,30,1.1,28,1.1,5,1,0
Violet Mizutsune,Right Claw 1,24,0,24,0,10,0,0,1,15,1,35,1.1,28,1.1,5,1,0
Violet Mizutsune,Right Claw 2,28,0,28,0,10,0,0,1,15,1,20,1.1,15,1,5,1,0
Violet Mizutsune,Right Claw 3,24,0,24,0,10,0,0,1,15,1,30,1.1,28,1.1,5,1,0
Violet Mizutsune,Right Claw 4,24,0,24,0,10,0,0,1,15,1,35,1.1,28,1.1,5,1,0
Volvidon,Head 0,55,50,50,50,45,0,0,1,30,1.1,20,1.1,15,1,0,1,100
Volvidon,Upper Half 0,45,0,45,0,35,0,0,1,20,1.1,15,1,10,1,0,1,0
Volvidon,Foreleg 0,38,0,30,0,30,0,0,1,10,1,5,1,5,1,0,1,0
Volvidon,Rear 0,30,0,30,0,25,0,0,1,15,1,10,1,10,1,0,1,0
Volvidon,Abdomen/Hind Leg 0,36,0,36,0,20,0,0,1,10,1,10,1,5,1,0,1,0
Volvidon,Body (Spinning) 0,75,50,75,50,10,0,0,1,0,1,0,1,0,1,0,1,0
Volvidon,Back 0,45,0,45,0,40,0,0,1,20,1.1,15,1,10,1,0,1,0
Wind Serpent Ibushi,Head 0,65,50,70,50,45,0,20,1.1,10,1,10,1,5,1,25,1.1,100
Wind Serpent Ibushi,Neck 0,35,0,30,0,25,0,15,1,5,1,5,1,5,1,20,1.1,0
Wind Serpent Ibushi,Back 0,60,50,55,50,45,0,20,1.1,10,1,5,1,5,1,25,1.1,0
Wind Serpent Ibushi,Back 1,25,0,25,0,25,0,15,1,5,1,5,1,5,1,15,1,0
Wind Serpent Ibushi,Torso 0,30,0,30,0,25,0,10,1,5,1,5,1,5,1,10,1,0
Wind Serpent Ibushi,Wingarm 0,35,0,30,0,35,0,5,1,5,1,5,1,0,1,5,1,0
Wind Serpent Ibushi,Wingarm (Windsac) 0,65,50,60,50,40,0,25,1.1,10,1,5,1,5,1,25,1.1,0
Wind Serpent Ibushi,Wingarm (Windsac) 1,25,0,25,0,10,0,15,1,10,1,5,1,0,1,15,1,0
Wind Serpent Ibushi,Leg Fin 0,25,0,25,0,15,0,10,1,5,1,5,1,5,1,10,1,0
Wind Serpent Ibushi,Tail 0,30,0,25,0,10,0,5,1,5,1,5,1,5,1,10,1,0
Wind Serpent Ibushi,Tail Tip 0,50,50,45,0,40,0,25,1.1,15,1,15,1,5,1,35,1.1,0
Wind Serpent Ibushi,Tail Tip 1,25,0,25,0,15,0,15,1,5,1,5,1,5,1,15,1,0
Wind Serpent Ibushi,Chest (Windsac) 0,80,50,80,50,75,50,15,1,15,1,15,1,5,1,25,1.1,0
Wind Serpent Ibushi,Chest (Windsac) 1,25,0,25,0,15,0,10,1,5,1,5,1,5,1,15,1,0
Zinogre,Head 0,65,50,65,50,70,50,10,1,10,1,15,1,0,1,5,1,100
Zinogre,Head 1,65,50,65,50,70,50,10,1,10,1,15,1,0,1,10,1,120
Zinogre,Body 0,25,0,25,0,30,0,5,1,5,1,5,1,0,1,5,1,0
Zinogre,Body 1,30,0,30,0,35,0,5,1,10,1,10,1,0,1,5,1,0
Zinogre,Neck/Back 0,45,0,40,0,35,0,10,1,20,1.1,25,1.1,0,1,5,1,0
Zinogre,Neck/Back 1,70,50,65,50,55,50,15,1,25,1.1,30,1.1,0,1,5,1,0
Zinogre,Hip 0,44,0,44,0,30,0,5,1,5,1,10,1,0,1,5,1,0
Zinogre,Hip 1,45,0,45,0,35,0,10,1,10,1,15,1,0,1,5,1,0
Zinogre,Foreleg 0,25,0,30,0,30,0,5,1,5,1,10,1,0,1,5,1,0
Zinogre,Foreleg 1,43,0,46,50,30,0,5,1,5,1,15,1,0,1,5,1,0
Zinogre,Hind Leg 0,45,0,45,0,35,0,5,1,5,1,10,1,0,1,5,1,0
Zinogre,Hind Leg 1,50,50,50,50,40,0,10,1,10,1,15,1,0,1,5,1,0
Zinogre,Tail 0,30,0,25,0,25,0,5,1,5,1,5,1,0,1,5,1,0
Zinogre,Tail 1,30,0,25,0,25,0,5,1,5,1,5,1,0,1,5,1,0
Zinogre,Tail Tip 0,21,0,19,0,10,0,10,1,15,1,20,1.1,0,1,5,1,0
Zinogre,Tail Tip 1,21,0,19,0,10,0,10,1,15,1,20,1.1,0,1,5,1,0
Primordial Malzeno,Head 0,46,50,48,50,45,0,15,1,0,1,15,1,0,1,25,1.1,100
Primordial Malzeno,Head 1,55,50,58,50,30,0,15,1,0,1,20,1.1,0,1,30,1.1,100
Primordial Malzeno,Head 2,55,50,58,50,30,0,15,1,0,1,20,1.1,0,1,30,1.1,100
Primordial Malzeno,Head 3,55,50,58,50,30,0,15,1,0,1,20,1.1,0,1,30,1.1,100
Primordial Malzeno,Torso 0,32,0,30,0,15,0,10,1,0,1,5,1,0,1,15,1,0
Primordial Malzeno,Torso 1,32,0,30,0,15,0,10,1,0,1,5,1,0,1,15,1,0
Primordial Malzeno,Torso 2,45,0,45,0,25,0,10,1,0,1,5,1,0,1,15,1,0
Primordial Malzeno,Torso 3,32,0,30,0,15,0,10,1,0,1,5,1,0,1,15,1,0
Primordial Malzeno,Foreleg 0,45,0,40,0,30,0,10,1,0,1,5,1,0,1,20,1.1,0
Primordial Malzeno,Foreleg 1,58,50,55,50,45,0,15,1,0,1,5,1,0,1,25,1.1,0
Primordial Malzeno,Foreleg 2,58,50,55,50,45,0,15,1,0,1,5,1,0,1,25,1.1,0
Primordial Malzeno,Foreleg 3,58,50,55,50,45,0,15,1,0,1,5,1,0,1,25,1.1,0
Primordial Malzeno,Hind Leg 0,30,0,28,0,5,0,10,1,0,1,5,1,0,1,15,1,0
Primordial Malzeno,Hind Leg 1,30,0,28,0,5,0,10,1,0,1,5,1,0,1,15,1,0
Primordial Malzeno,Hind Leg 2,45,0,45,0,20,0,10,1,0,1,5,1,0,1,15,1,0
Primordial Malzeno,Hind Leg 3,30,0,28,0,5,0,10,1,0,1,5,1,0,1,15,1,0
Primordial Malzeno,Wing 0,22,0,22,0,5,0,10,1,0,1,5,1,0,1,15,1,0
Primordial Malzeno,Wing 1,22,0,22,0,5,0,10,1,0,1,5,1,0,1,15,1,0
Primordial Malzeno,Wing 2,35,0,35,0,15,0,10,1,0,1,5,1,0,1,15,1,0
Primordial Malzeno,Wing 3,22,0,22,0,5,0,10,1,0,1,5,1,0,1,15,1,0
Primordial Malzeno,Tail 0,35,0,32,0,10,0,10,1,0,1,5,1,0,1,15,1,0
Primordial Malzeno,Tail 1,35,0,32,0,10,0,10,1,0,1,5,1,0,1,15,1,0
Primordial Malzeno,Tail 2,45,0,45,0,20,0,10,1,0,1,5,1,0,1,15,1,0
Primordial Malzeno,Tail 3,35,0,32,0,10,0,10,1,0,1,5,1,0,1,15,1,0
Primordial Malzeno,Tail Tip 0,26,0,22,0,10,0,10,1,0,1,5,1,0,1,15,1,0
Primordial Malzeno,Tail Tip 1,50,50,48,50,40,0,10,1,0,1,5,1,0,1,15,1,0
Primordial Malzeno,Tail Tip 2,50,50,48,50,40,0,10,1,0,1,5,1,0,1,15,1,0
Primordial Malzeno,Tail Tip 3,50,50,48,50,40,0,10,1,0,1,5,1,0,1,15,1,0